name,url,stargazers,createdAt,releases,primaryLanguage
Snailclimb/JavaGuide,https://github.com/Snailclimb/JavaGuide,151552,2018-05-07T13:27:00Z,0,Java
krahets/hello-algo,https://github.com/krahets/hello-algo,116064,2022-11-04T11:08:34Z,9,Java
GrowingGit/GitHub-Chinese-Top-Charts,https://github.com/GrowingGit/GitHub-Chinese-Top-Charts,101852,2019-09-05T03:01:56Z,0,Java
iluwatar/java-design-patterns,https://github.com/iluwatar/java-design-patterns,92618,2014-08-09T16:45:18Z,0,Java
macrozheng/mall,https://github.com/macrozheng/mall,81463,2018-04-04T01:11:44Z,3,Java
spring-projects/spring-boot,https://github.com/spring-projects/spring-boot,78290,2012-10-19T15:02:57Z,320,Java
doocs/advanced-java,https://github.com/doocs/advanced-java,78196,2018-10-06T11:38:30Z,1,Java
MisterBooo/LeetCodeAnimation,https://github.com/MisterBooo/LeetCodeAnimation,76442,2018-12-06T08:01:22Z,0,Java
elastic/elasticsearch,https://github.com/elastic/elasticsearch,73704,2010-02-08T13:20:56Z,206,Java
Stirling-Tools/Stirling-PDF,https://github.com/Stirling-Tools/Stirling-PDF,64959,2023-01-27T18:22:42Z,135,Java
kdn251/interviews,https://github.com/kdn251/interviews,64434,2017-02-14T18:19:25Z,0,Java
TheAlgorithms/Java,https://github.com/TheAlgorithms/Java,63244,2016-07-16T10:21:02Z,0,Java
NationalSecurityAgency/ghidra,https://github.com/NationalSecurityAgency/ghidra,59907,2019-03-01T03:27:48Z,46,Java
spring-projects/spring-framework,https://github.com/spring-projects/spring-framework,58777,2010-12-08T04:04:45Z,341,Java
google/guava,https://github.com/google/guava,51075,2014-05-29T16:23:17Z,56,Java
ReactiveX/RxJava,https://github.com/ReactiveX/RxJava,48279,2013-01-08T20:11:48Z,241,Java
skylot/jadx,https://github.com/skylot/jadx,45350,2013-03-18T17:08:21Z,31,Java
dbeaver/dbeaver,https://github.com/dbeaver/dbeaver,45137,2015-10-21T08:26:28Z,231,Java
termux/termux-app,https://github.com/termux/termux-app,44713,2015-10-23T09:42:46Z,95,Java
jeecgboot/JeecgBoot,https://github.com/jeecgboot/JeecgBoot,43757,2018-11-26T10:40:00Z,61,Java
apache/dubbo,https://github.com/apache/dubbo,41284,2012-06-19T07:56:02Z,111,Java
PhilJay/MPAndroidChart,https://github.com/PhilJay/MPAndroidChart,38108,2014-04-25T14:29:47Z,44,Java
eugenp/tutorials,https://github.com/eugenp/tutorials,37247,2013-04-29T18:26:36Z,0,Java
halo-dev/halo,https://github.com/halo-dev/halo,36805,2018-03-21T12:56:52Z,226,Java
alibaba/arthas,https://github.com/alibaba/arthas,36679,2018-08-29T17:15:57Z,59,Java
geekxh/hello-algorithm,https://github.com/geekxh/hello-algorithm,35755,2020-05-29T05:47:09Z,0,Java
airbnb/lottie-android,https://github.com/airbnb/lottie-android,35457,2016-10-06T22:42:42Z,59,Java
TeamNewPipe/NewPipe,https://github.com/TeamNewPipe/NewPipe,34969,2015-09-03T23:39:26Z,137,Java
bumptech/glide,https://github.com/bumptech/glide,34945,2013-07-08T22:52:33Z,53,Java
doocs/leetcode,https://github.com/doocs/leetcode,34873,2018-09-16T14:03:03Z,21,Java
netty/netty,https://github.com/netty/netty,34402,2010-11-09T09:22:21Z,0,Java
xkcoding/spring-boot-demo,https://github.com/xkcoding/spring-boot-demo,33881,2017-11-10T06:27:29Z,0,Java
Blankj/AndroidUtilCode,https://github.com/Blankj/AndroidUtilCode,33632,2016-07-30T18:18:32Z,117,Java
alibaba/easyexcel,https://github.com/alibaba/easyexcel,33610,2018-02-06T03:14:08Z,14,Java
zxing/zxing,https://github.com/zxing/zxing,33565,2011-10-12T14:07:27Z,31,Java
SeleniumHQ/selenium,https://github.com/SeleniumHQ/selenium,33096,2013-01-14T21:40:56Z,108,Java
YunaiV/ruoyi-vue-pro,https://github.com/YunaiV/ruoyi-vue-pro,33062,2021-01-24T03:18:25Z,46,Java
alibaba/nacos,https://github.com/alibaba/nacos,32011,2018-06-15T06:49:27Z,84,Java
binarywang/WxJava,https://github.com/binarywang/WxJava,31850,2016-01-06T08:24:05Z,30,Java
apache/kafka,https://github.com/apache/kafka,30822,2011-08-15T18:06:16Z,0,Java
ityouknow/spring-boot-examples,https://github.com/ityouknow/spring-boot-examples,30592,2016-11-05T05:32:33Z,0,Java
chinabugotech/hutool,https://github.com/chinabugotech/hutool,30040,2014-04-13T07:23:51Z,153,Java
apolloconfig/apollo,https://github.com/apolloconfig/apollo,29634,2016-03-04T10:24:23Z,41,Java
keycloak/keycloak,https://github.com/keycloak/keycloak,29366,2013-07-02T13:38:51Z,87,Java
alibaba/canal,https://github.com/alibaba/canal,29354,2013-01-13T10:59:52Z,32,Java
xuxueli/xxl-job,https://github.com/xuxueli/xxl-job,29248,2015-11-28T12:59:34Z,39,Java
wuyouzhuguli/SpringAll,https://github.com/wuyouzhuguli/SpringAll,28943,2018-05-02T02:48:44Z,0,Java
alibaba/spring-cloud-alibaba,https://github.com/alibaba/spring-cloud-alibaba,28732,2017-12-01T20:49:15Z,48,Java
alibaba/druid,https://github.com/alibaba/druid,28188,2011-11-03T05:12:51Z,51,Java
lenve/vhr,https://github.com/lenve/vhr,27933,2018-01-04T08:57:51Z,0,Java
DrKLO/Telegram,https://github.com/DrKLO/Telegram,27471,2013-10-25T14:08:10Z,95,Java
conductor-oss/conductor,https://github.com/conductor-oss/conductor,27340,2023-12-08T06:06:09Z,25,Java
crossoverJie/JCSprout,https://github.com/crossoverJie/JCSprout,27074,2017-12-17T09:06:50Z,0,Java
qiurunze123/miaosha,https://github.com/qiurunze123/miaosha,26495,2018-09-14T04:36:24Z,0,Java
apache/incubator-seata,https://github.com/apache/incubator-seata,25780,2018-12-28T08:37:22Z,44,Java
alibaba/fastjson,https://github.com/alibaba/fastjson,25757,2011-11-03T06:58:52Z,84,Java
ashishps1/awesome-system-design-resources,https://github.com/ashishps1/awesome-system-design-resources,25730,2023-10-25T01:50:42Z,0,Java
JakeWharton/butterknife,https://github.com/JakeWharton/butterknife,25491,2013-03-05T08:18:59Z,0,Java
hollischuang/toBeTopJavaer,https://github.com/hollischuang/toBeTopJavaer,25462,2018-10-25T09:54:54Z,0,Java
apache/flink,https://github.com/apache/flink,25218,2014-06-07T07:00:10Z,0,Java
scwang90/SmartRefreshLayout,https://github.com/scwang90/SmartRefreshLayout,25150,2017-06-02T09:52:50Z,14,Java
proxyee-down-org/proxyee-down,https://github.com/proxyee-down-org/proxyee-down,24868,2017-10-25T10:07:27Z,49,Java
greenrobot/EventBus,https://github.com/greenrobot/EventBus,24759,2012-07-16T16:55:40Z,7,Java
OpenAPITools/openapi-generator,https://github.com/OpenAPITools/openapi-generator,24733,2018-05-12T09:57:56Z,73,Java
Anuken/Mindustry,https://github.com/Anuken/Mindustry,24729,2017-04-30T01:24:29Z,168,Java
bazelbuild/bazel,https://github.com/bazelbuild/bazel,24513,2014-06-12T16:00:38Z,208,Java
apache/skywalking,https://github.com/apache/skywalking,24503,2015-11-07T03:30:36Z,62,Java
Netflix/Hystrix,https://github.com/Netflix/Hystrix,24394,2012-11-19T20:14:46Z,79,Java
jenkinsci/jenkins,https://github.com/jenkinsci/jenkins,24380,2010-11-22T21:21:23Z,442,Java
libgdx/libgdx,https://github.com/libgdx/libgdx,24321,2012-08-10T19:34:38Z,14,Java
yuliskov/SmartTube,https://github.com/yuliskov/SmartTube,24305,2020-07-28T12:53:52Z,910,Java
CodePhiliaX/Chat2DB,https://github.com/CodePhiliaX/Chat2DB,24182,2023-06-20T14:05:26Z,43,Java
redisson/redisson,https://github.com/redisson/redisson,24012,2014-01-11T14:06:25Z,173,Java
google/gson,https://github.com/google/gson,24007,2015-03-19T18:21:20Z,11,Java
doocs/source-code-hunter,https://github.com/doocs/source-code-hunter,22937,2019-10-28T01:35:10Z,0,Java
alibaba/Sentinel,https://github.com/alibaba/Sentinel,22891,2018-04-04T06:37:33Z,25,Java
iBotPeaches/Apktool,https://github.com/iBotPeaches/Apktool,22827,2012-03-19T17:46:53Z,26,Java
EnterpriseQualityCoding/FizzBuzzEnterpriseEdition,https://github.com/EnterpriseQualityCoding/FizzBuzzEnterpriseEdition,22757,2012-11-24T00:14:41Z,0,Java
apache/rocketmq,https://github.com/apache/rocketmq,22065,2016-11-30T08:00:08Z,22,Java
google/ExoPlayer,https://github.com/google/ExoPlayer,21872,2014-06-13T21:19:18Z,28,Java
elunez/eladmin,https://github.com/elunez/eladmin,21766,2018-12-14T08:54:24Z,1,Java
dataease/dataease,https://github.com/dataease/dataease,21691,2021-02-02T04:10:21Z,97,Java
openjdk/jdk,https://github.com/openjdk/jdk,21632,2018-09-17T12:29:20Z,0,Java
LSPosed/LSPosed,https://github.com/LSPosed/LSPosed,21457,2020-12-12T08:39:37Z,39,Java
CarGuo/GSYVideoPlayer,https://github.com/CarGuo/GSYVideoPlayer,21068,2016-11-13T12:34:31Z,53,Java
oracle/graal,https://github.com/oracle/graal,21065,2016-01-14T17:11:35Z,32,Java
brettwooldridge/HikariCP,https://github.com/brettwooldridge/HikariCP,20690,2013-10-08T05:43:03Z,0,Java
kestra-io/kestra,https://github.com/kestra-io/kestra,20589,2019-08-24T13:56:15Z,303,Java
kunal-kushwaha/DSA-Bootcamp-Java,https://github.com/kunal-kushwaha/DSA-Bootcamp-Java,20523,2021-07-30T12:23:25Z,0,Java
apache/shardingsphere,https://github.com/apache/shardingsphere,20439,2016-01-18T12:49:26Z,58,Java
didi/DoKit,https://github.com/didi/DoKit,20392,2018-08-14T10:32:07Z,14,Java
mybatis/mybatis-3,https://github.com/mybatis/mybatis-3,20217,2013-02-14T19:03:32Z,46,Java
ReactiveX/RxAndroid,https://github.com/ReactiveX/RxAndroid,20041,2014-08-19T03:46:38Z,20,Java
linlinjava/litemall,https://github.com/linlinjava/litemall,19887,2018-03-22T16:42:30Z,8,Java
yudaocode/SpringBoot-Labs,https://github.com/yudaocode/SpringBoot-Labs,19847,2018-09-12T14:51:46Z,0,Java
thingsboard/thingsboard,https://github.com/thingsboard/thingsboard,19645,2016-12-01T09:33:30Z,70,Java
xiaojieonly/Ehviewer_CN_SXJ,https://github.com/xiaojieonly/Ehviewer_CN_SXJ,19501,2020-11-09T06:14:31Z,106,Java
dianping/cat,https://github.com/dianping/cat,18929,2012-12-05T02:31:48Z,3,Java
Baseflow/PhotoView,https://github.com/Baseflow/PhotoView,18873,2012-07-17T16:39:00Z,5,Java
JetBrains/intellij-community,https://github.com/JetBrains/intellij-community,18735,2011-09-30T13:33:05Z,4,Java
antlr/antlr4,https://github.com/antlr/antlr4,18289,2010-02-04T01:36:28Z,31,Java
williamfiset/Algorithms,https://github.com/williamfiset/Algorithms,18188,2017-03-18T02:50:46Z,0,Java
Tencent/APIJSON,https://github.com/Tencent/APIJSON,18154,2016-11-21T12:03:29Z,109,Java
dromara/Sa-Token,https://github.com/dromara/Sa-Token,18128,2020-02-03T10:34:29Z,38,Java
forezp/SpringCloudLearning,https://github.com/forezp/SpringCloudLearning,17972,2017-04-08T10:06:56Z,0,Java
LMAX-Exchange/disruptor,https://github.com/LMAX-Exchange/disruptor,17971,2012-09-21T13:42:24Z,14,Java
YunaiV/yudao-cloud,https://github.com/YunaiV/yudao-cloud,17806,2019-05-02T16:06:49Z,32,Java
ashishps1/awesome-low-level-design,https://github.com/ashishps1/awesome-low-level-design,17664,2023-11-17T10:15:12Z,0,Java
Tencent/tinker,https://github.com/Tencent/tinker,17504,2016-09-06T06:57:52Z,60,Java
openzipkin/zipkin,https://github.com/openzipkin/zipkin,17292,2012-06-06T18:26:16Z,97,Java
infinilabs/analysis-ik,https://github.com/infinilabs/analysis-ik,17193,2011-12-16T09:01:45Z,1,Java
justauth/JustAuth,https://github.com/justauth/JustAuth,17168,2019-01-31T09:42:20Z,46,Java
facebook/fresco,https://github.com/facebook/fresco,17135,2015-03-02T09:58:04Z,55,Java
baomidou/mybatis-plus,https://github.com/baomidou/mybatis-plus,17093,2016-08-18T10:06:53Z,38,Java
ben-manes/caffeine,https://github.com/ben-manes/caffeine,17006,2014-12-13T08:45:11Z,71,Java
material-components/material-components-android,https://github.com/material-components/material-components-android,16931,2016-12-05T16:11:29Z,112,Java
nostra13/Android-Universal-Image-Loader,https://github.com/nostra13/Android-Universal-Image-Loader,16903,2011-11-27T18:48:23Z,0,Java
alibaba/DataX,https://github.com/alibaba/DataX,16783,2018-01-18T10:09:47Z,7,Java
winterbe/java8-tutorial,https://github.com/winterbe/java8-tutorial,16781,2014-03-16T17:25:43Z,0,Java
shuzheng/zheng,https://github.com/shuzheng/zheng,16732,2016-10-04T10:07:06Z,0,Java
Grasscutters/Grasscutter,https://github.com/Grasscutters/Grasscutter,16654,2022-04-17T12:43:46Z,20,Java
heibaiying/BigData-Notes,https://github.com/heibaiying/BigData-Notes,16632,2019-03-10T01:40:01Z,0,Java
JeffLi1993/springboot-learning-example,https://github.com/JeffLi1993/springboot-learning-example,16561,2017-02-06T07:02:25Z,0,Java
prestodb/presto,https://github.com/prestodb/presto,16485,2012-08-09T01:03:37Z,12,Java
gyoogle/tech-interview-for-developer,https://github.com/gyoogle/tech-interview-for-developer,16443,2019-06-09T04:42:57Z,0,Java
questdb/questdb,https://github.com/questdb/questdb,16039,2014-04-28T23:29:15Z,93,Java
android-hacker/VirtualXposed,https://github.com/android-hacker/VirtualXposed,15818,2017-12-01T09:00:58Z,50,Java
dyc87112/SpringBoot-Learning,https://github.com/dyc87112/SpringBoot-Learning,15791,2016-08-21T03:39:06Z,0,Java
android10/Android-CleanArchitecture,https://github.com/android10/Android-CleanArchitecture,15565,2014-08-19T14:09:26Z,0,Java
mockito/mockito,https://github.com/mockito/mockito,15271,2012-10-13T20:27:12Z,222,Java
apache/hadoop,https://github.com/apache/hadoop,15240,2014-08-28T07:00:08Z,0,Java
Konloch/bytecode-viewer,https://github.com/Konloch/bytecode-viewer,15195,2014-10-14T10:26:46Z,61,Java
neo4j/neo4j,https://github.com/neo4j/neo4j,14999,2012-11-12T08:46:15Z,72,Java
zhisheng17/flink-learning,https://github.com/zhisheng17/flink-learning,14920,2019-01-01T07:38:28Z,0,Java
quarkusio/quarkus,https://github.com/quarkusio/quarkus,14882,2018-07-06T00:44:20Z,412,Java
apache/pulsar,https://github.com/apache/pulsar,14834,2016-06-28T07:00:03Z,111,Java
java-decompiler/jd-gui,https://github.com/java-decompiler/jd-gui,14713,2015-03-25T05:28:41Z,18,Java
elastic/logstash,https://github.com/elastic/logstash,14621,2010-11-18T01:31:50Z,206,Java
eclipse-vertx/vert.x,https://github.com/eclipse-vertx/vert.x,14557,2011-06-17T14:54:55Z,0,Java
hdodenhof/CircleImageView,https://github.com/hdodenhof/CircleImageView,14536,2014-01-17T16:44:46Z,0,Java
Tencent/QMUI_Android,https://github.com/Tencent/QMUI_Android,14514,2017-04-21T10:03:18Z,35,Java
alibaba/ARouter,https://github.com/alibaba/ARouter,14494,2016-12-14T01:27:49Z,16,Java
supertokens/supertokens-core,https://github.com/supertokens/supertokens-core,14466,2020-01-05T13:30:52Z,91,Java
arduino/Arduino,https://github.com/arduino/Arduino,14414,2010-09-17T19:10:36Z,37,Java
theonedev/onedev,https://github.com/theonedev/onedev,14234,2018-11-06T02:57:01Z,428,Java
deeplearning4j/deeplearning4j,https://github.com/deeplearning4j/deeplearning4j,14084,2013-11-27T02:03:28Z,0,Java
zaproxy/zaproxy,https://github.com/zaproxy/zaproxy,14039,2015-06-03T16:55:01Z,19,Java
GoogleContainerTools/jib,https://github.com/GoogleContainerTools/jib,14011,2018-01-22T18:30:43Z,168,Java
orhanobut/logger,https://github.com/orhanobut/logger,13891,2015-03-20T22:30:12Z,16,Java
Netflix/zuul,https://github.com/Netflix/zuul,13876,2013-03-13T18:53:57Z,28,Java
apache/druid,https://github.com/apache/druid,13814,2012-10-23T19:08:07Z,68,Java
apache/dolphinscheduler,https://github.com/apache/dolphinscheduler,13790,2019-03-01T16:39:25Z,53,Java
seaswalker/spring-analysis,https://github.com/seaswalker/spring-analysis,13726,2016-09-09T07:46:32Z,0,Java
pinpoint-apm/pinpoint,https://github.com/pinpoint-apm/pinpoint,13704,2014-10-20T09:27:22Z,61,Java
JessYanCoding/AndroidAutoSize,https://github.com/JessYanCoding/AndroidAutoSize,13689,2018-08-17T09:04:19Z,14,Java
Curzibn/Luban,https://github.com/Curzibn/Luban,13678,2016-07-24T07:43:21Z,6,Java
sqshq/piggymetrics,https://github.com/sqshq/piggymetrics,13670,2015-03-29T17:56:31Z,2,Java
DuGuQiuBai/Java,https://github.com/DuGuQiuBai/Java,13667,2015-11-25T07:30:08Z,0,Java
lgvalle/Material-Animations,https://github.com/lgvalle/Material-Animations,13631,2015-03-08T20:54:00Z,0,Java
janishar/mit-deep-learning-book-pdf,https://github.com/janishar/mit-deep-learning-book-pdf,13565,2017-04-07T10:46:50Z,3,Java
cryptomator/cryptomator,https://github.com/cryptomator/cryptomator,13563,2014-02-02T00:43:47Z,193,Java
tink-crypto/tink,https://github.com/tink-crypto/tink,13555,2014-06-06T16:21:09Z,21,Java
LuckSiege/PictureSelector,https://github.com/LuckSiege/PictureSelector,13544,2017-01-04T07:47:39Z,116,Java
languagetool-org/languagetool,https://github.com/languagetool-org/languagetool,13503,2013-08-08T16:37:22Z,0,Java
Bigkoo/Android-PickerView,https://github.com/Bigkoo/Android-PickerView,13482,2014-12-28T01:46:38Z,0,Java
kekingcn/kkFileView,https://github.com/kekingcn/kkFileView,13287,2017-12-12T11:41:08Z,16,Java
projectlombok/lombok,https://github.com/projectlombok/lombok,13257,2009-06-08T19:46:41Z,0,Java
macrozheng/mall-learning,https://github.com/macrozheng/mall-learning,13247,2019-04-12T13:20:31Z,0,Java
youth5201314/banner,https://github.com/youth5201314/banner,13039,2016-04-22T05:50:25Z,0,Java
pxb1988/dex2jar,https://github.com/pxb1988/dex2jar,12891,2015-03-16T09:13:07Z,8,Java
ashishps1/awesome-leetcode-resources,https://github.com/ashishps1/awesome-leetcode-resources,12791,2023-10-25T01:48:19Z,0,Java
Netflix/conductor,https://github.com/Netflix/conductor,12777,2016-12-07T22:48:42Z,319,Java
facebook/stetho,https://github.com/facebook/stetho,12711,2015-01-22T22:34:10Z,13,Java
codecentric/spring-boot-admin,https://github.com/codecentric/spring-boot-admin,12672,2014-07-25T11:39:13Z,136,Java
google/guice,https://github.com/google/guice,12668,2014-05-28T23:18:53Z,19,Java
alibaba/COLA,https://github.com/alibaba/COLA,12634,2018-02-06T13:46:27Z,11,Java
greenrobot/greenDAO,https://github.com/greenrobot/greenDAO,12631,2011-10-22T16:15:14Z,8,Java
Netflix/eureka,https://github.com/Netflix/eureka,12617,2012-07-26T22:23:07Z,151,Java
macrozheng/mall-swarm,https://github.com/macrozheng/mall-swarm,12588,2019-11-25T06:55:31Z,3,Java
apache/zookeeper,https://github.com/apache/zookeeper,12588,2009-03-27T15:41:56Z,0,Java
zhihu/Matisse,https://github.com/zhihu/Matisse,12570,2017-04-13T01:31:05Z,15,Java
daimajia/AndroidViewAnimations,https://github.com/daimajia/AndroidViewAnimations,12472,2014-06-23T03:53:13Z,9,Java
metersphere/metersphere,https://github.com/metersphere/metersphere,12431,2020-02-03T02:06:12Z,179,Java
daimajia/AndroidSwipeLayout,https://github.com/daimajia/AndroidSwipeLayout,12405,2014-08-25T04:09:33Z,18,Java
pagehelper/Mybatis-PageHelper,https://github.com/pagehelper/Mybatis-PageHelper,12339,2014-06-09T15:32:30Z,15,Java
redis/jedis,https://github.com/redis/jedis,12146,2010-06-11T13:04:43Z,114,Java
amitshekhariitbhu/android-interview-questions,https://github.com/amitshekhariitbhu/android-interview-questions,12050,2017-07-09T18:47:24Z,0,Java
Yalantis/uCrop,https://github.com/Yalantis/uCrop,12039,2016-01-05T13:41:06Z,20,Java
plantuml/plantuml,https://github.com/plantuml/plantuml,12020,2010-11-04T15:55:50Z,57,Java
Tencent/matrix,https://github.com/Tencent/matrix,11897,2018-12-11T07:08:02Z,16,Java
Tencent/VasSonic,https://github.com/Tencent/VasSonic,11869,2017-08-01T08:35:13Z,10,Java
grpc/grpc-java,https://github.com/grpc/grpc-java,11835,2014-12-08T19:00:00Z,180,Java
trinodb/trino,https://github.com/trinodb/trino,11818,2019-01-19T06:38:14Z,0,Java
Team-xManager/xManager,https://github.com/Team-xManager/xManager,11804,2021-02-08T11:31:10Z,51,Java
debezium/debezium,https://github.com/debezium/debezium,11791,2016-01-22T20:17:05Z,0,Java
frank-lam/fullstack-tutorial,https://github.com/frank-lam/fullstack-tutorial,11683,2018-04-13T01:50:10Z,0,Java
code4craft/webmagic,https://github.com/code4craft/webmagic,11618,2013-04-23T12:57:36Z,33,Java
xpipe-io/xpipe,https://github.com/xpipe-io/xpipe,11529,2023-01-27T02:25:38Z,118,Java
OpenRefine/OpenRefine,https://github.com/OpenRefine/OpenRefine,11493,2012-10-15T02:22:48Z,72,Java
realm/realm-java,https://github.com/realm/realm-java,11485,2012-04-20T09:18:42Z,0,Java
opensearch-project/OpenSearch,https://github.com/opensearch-project/OpenSearch,11475,2021-01-29T22:10:00Z,59,Java
careercup/CtCI-6th-Edition,https://github.com/careercup/CtCI-6th-Edition,11459,2015-07-02T06:28:46Z,0,Java
gyf-dev/ImmersionBar,https://github.com/gyf-dev/ImmersionBar,11451,2017-04-19T05:10:09Z,0,Java
newbee-ltd/newbee-mall,https://github.com/newbee-ltd/newbee-mall,11388,2019-09-21T03:56:04Z,0,Java
PaperMC/Paper,https://github.com/PaperMC/Paper,11386,2016-01-22T05:40:19Z,0,Java
provectus/kafka-ui,https://github.com/provectus/kafka-ui,11246,2019-11-26T15:55:55Z,25,Java
jhy/jsoup,https://github.com/jhy/jsoup,11242,2009-12-19T01:29:58Z,20,Java
permissions-dispatcher/PermissionsDispatcher,https://github.com/permissions-dispatcher/PermissionsDispatcher,11235,2015-08-15T21:41:05Z,40,Java
mission-peace/interview,https://github.com/mission-peace/interview,11208,2014-07-20T21:27:31Z,0,Java
apereo/cas,https://github.com/apereo/cas,11187,2011-09-09T01:36:42Z,300,Java
H07000223/FlycoTabLayout,https://github.com/H07000223/FlycoTabLayout,11128,2015-11-09T01:53:19Z,4,Java
daniulive/SmarterStreaming,https://github.com/daniulive/SmarterStreaming,11115,2016-03-26T14:46:02Z,0,Java
lingochamp/FileDownloader,https://github.com/lingochamp/FileDownloader,11112,2015-12-22T11:17:16Z,65,Java
beemdevelopment/Aegis,https://github.com/beemdevelopment/Aegis,11064,2016-08-15T19:10:31Z,72,Java
jfeinstein10/SlidingMenu,https://github.com/jfeinstein10/SlidingMenu,11050,2012-06-30T05:14:23Z,0,Java
androidannotations/androidannotations,https://github.com/androidannotations/androidannotations,11040,2012-01-06T08:48:03Z,0,Java
datahub-project/datahub,https://github.com/datahub-project/datahub,10999,2015-11-18T05:47:40Z,104,Java
doocs/jvm,https://github.com/doocs/jvm,10959,2018-06-23T01:12:59Z,0,Java
LawnchairLauncher/lawnchair,https://github.com/LawnchairLauncher/lawnchair,10909,2017-03-03T13:12:58Z,30,Java
square/javapoet,https://github.com/square/javapoet,10870,2013-02-01T16:56:30Z,0,Java
ssssssss-team/spider-flow,https://github.com/ssssssss-team/spider-flow,10856,2020-03-27T11:07:15Z,2,Java
jwtk/jjwt,https://github.com/jwtk/jjwt,10833,2014-09-13T01:06:24Z,9,Java
apple/pkl,https://github.com/apple/pkl,10831,2024-01-19T17:28:45Z,16,Java
microg/GmsCore,https://github.com/microg/GmsCore,10806,2014-04-23T19:28:47Z,41,Java
alibaba/vlayout,https://github.com/alibaba/vlayout,10777,2017-02-27T08:11:47Z,34,Java
aosp-mirror/platform_frameworks_base,https://github.com/aosp-mirror/platform_frameworks_base,10756,2008-10-21T18:20:37Z,0,Java
asLody/VirtualApp,https://github.com/asLody/VirtualApp,10737,2016-07-06T13:25:23Z,0,Java
TooTallNate/Java-WebSocket,https://github.com/TooTallNate/Java-WebSocket,10731,2010-01-20T23:33:04Z,19,Java
clojure/clojure,https://github.com/clojure/clojure,10707,2010-06-29T20:03:33Z,0,Java
android-async-http/android-async-http,https://github.com/android-async-http/android-async-http,10635,2011-02-20T03:25:07Z,3,Java
jeasonlzy/okhttp-OkGo,https://github.com/jeasonlzy/okhttp-OkGo,10603,2016-01-15T10:35:24Z,14,Java
StarRocks/starrocks,https://github.com/StarRocks/starrocks,10577,2021-09-04T02:29:35Z,152,Java
google/auto,https://github.com/google/auto,10518,2013-05-22T21:41:56Z,66,Java
lipangit/JiaoZiVideoPlayer,https://github.com/lipangit/JiaoZiVideoPlayer,10494,2016-02-06T11:04:24Z,78,Java
tbruyelle/RxPermissions,https://github.com/tbruyelle/RxPermissions,10487,2015-09-29T13:55:09Z,11,Java
Activiti/Activiti,https://github.com/Activiti/Activiti,10422,2012-09-13T11:34:43Z,1000,Java
zfile-dev/zfile,https://github.com/zfile-dev/zfile,10369,2019-08-19T13:57:56Z,67,Java
resilience4j/resilience4j,https://github.com/resilience4j/resilience4j,10352,2015-06-03T09:21:01Z,35,Java
JessYanCoding/MVPArms,https://github.com/JessYanCoding/MVPArms,10294,2016-08-06T08:49:56Z,25,Java
awsdocs/aws-doc-sdk-examples,https://github.com/awsdocs/aws-doc-sdk-examples,10183,2016-08-18T19:06:57Z,0,Java
JakeWharton/ViewPagerIndicator,https://github.com/JakeWharton/ViewPagerIndicator,10108,2011-08-04T17:13:44Z,0,Java
signalapp/Signal-Server,https://github.com/signalapp/Signal-Server,10044,2013-12-09T07:10:36Z,0,Java
stanfordnlp/CoreNLP,https://github.com/stanfordnlp/CoreNLP,9965,2013-06-27T21:13:49Z,19,Java
wasabeef/glide-transformations,https://github.com/wasabeef/glide-transformations,9930,2015-01-09T10:33:29Z,0,Java
googlesamples/easypermissions,https://github.com/googlesamples/easypermissions,9917,2015-12-22T18:05:53Z,12,Java
paascloud/paascloud-master,https://github.com/paascloud/paascloud-master,9894,2018-03-17T05:40:43Z,0,Java
uknownothingsnow/JsBridge,https://github.com/uknownothingsnow/JsBridge,9888,2015-02-26T12:10:58Z,0,Java
SonarSource/sonarqube,https://github.com/SonarSource/sonarqube,9844,2011-01-05T11:05:17Z,65,Java
hackware1993/MagicIndicator,https://github.com/hackware1993/MagicIndicator,9804,2016-06-26T08:20:43Z,12,Java
HarlonWang/AVLoadingIndicatorView,https://github.com/HarlonWang/AVLoadingIndicatorView,9769,2015-10-24T20:18:33Z,1,Java
OpenFeign/feign,https://github.com/OpenFeign/feign,9729,2013-06-26T23:28:16Z,39,Java
YoKeyword/Fragmentation,https://github.com/YoKeyword/Fragmentation,9727,2016-02-23T08:54:55Z,30,Java
lihengming/spring-boot-api-project-seed,https://github.com/lihengming/spring-boot-api-project-seed,9681,2017-06-23T10:06:30Z,4,Java
xuchengsheng/spring-reading,https://github.com/xuchengsheng/spring-reading,9678,2023-09-15T06:42:44Z,0,Java
perwendel/spark,https://github.com/perwendel/spark,9659,2011-05-05T11:52:05Z,0,Java
ksoichiro/Android-ObservableScrollView,https://github.com/ksoichiro/Android-ObservableScrollView,9655,2014-11-08T14:45:20Z,0,Java
react-native-camera/react-native-camera,https://github.com/react-native-camera/react-native-camera,9648,2015-04-01T00:54:40Z,144,Java
koral--/android-gif-drawable,https://github.com/koral--/android-gif-drawable,9630,2013-01-30T01:37:46Z,61,Java
bilibili/DanmakuFlameMaster,https://github.com/bilibili/DanmakuFlameMaster,9602,2013-08-11T12:18:50Z,5,Java
spinnaker/spinnaker,https://github.com/spinnaker/spinnaker,9573,2014-07-02T19:02:36Z,14,Java
liaohuqiu/android-Ultra-Pull-To-Refresh,https://github.com/liaohuqiu/android-Ultra-Pull-To-Refresh,9568,2014-11-13T03:13:10Z,8,Java
MyCATApache/Mycat-Server,https://github.com/MyCATApache/Mycat-Server,9555,2014-12-04T02:46:54Z,7,Java
umano/AndroidSlidingUpPanel,https://github.com/umano/AndroidSlidingUpPanel,9505,2013-05-31T18:33:53Z,8,Java
crossoverJie/cim,https://github.com/crossoverJie/cim,9442,2018-05-20T15:55:56Z,9,Java
pockethub/PocketHub,https://github.com/pockethub/PocketHub,9384,2011-09-08T16:52:50Z,1,Java
Justson/AgentWeb,https://github.com/Justson/AgentWeb,9353,2017-05-12T07:45:56Z,21,Java
apache/cassandra,https://github.com/apache/cassandra,9351,2009-05-21T02:10:09Z,0,Java
seven332/EhViewer,https://github.com/seven332/EhViewer,9311,2014-05-14T12:03:52Z,97,Java
huanghaibin-dev/CalendarView,https://github.com/huanghaibin-dev/CalendarView,9308,2017-03-11T07:16:09Z,1,Java
GcsSloop/AndroidNote,https://github.com/GcsSloop/AndroidNote,9292,2016-01-04T23:51:36Z,0,Java
spring-projects/spring-security,https://github.com/spring-projects/spring-security,9280,2012-01-10T21:50:57Z,227,Java
json-path/JsonPath,https://github.com/json-path/JsonPath,9277,2011-01-24T13:19:19Z,10,Java
android/testing-samples,https://github.com/android/testing-samples,9276,2014-10-11T03:51:27Z,0,Java
cats-oss/android-gpuimage,https://github.com/cats-oss/android-gpuimage,9126,2012-10-04T08:11:58Z,0,Java
flyway/flyway,https://github.com/flyway/flyway,9061,2012-12-14T18:43:22Z,265,Java
didi/VirtualAPK,https://github.com/didi/VirtualAPK,9041,2017-06-29T07:25:05Z,4,Java
navasmdc/MaterialDesignLibrary,https://github.com/navasmdc/MaterialDesignLibrary,8975,2014-09-30T07:37:17Z,3,Java
apache/jmeter,https://github.com/apache/jmeter,8973,2010-05-26T23:38:07Z,10,Java
KunMinX/Jetpack-MVVM-Best-Practice,https://github.com/KunMinX/Jetpack-MVVM-Best-Practice,8950,2019-10-31T05:21:01Z,0,Java
langchain4j/langchain4j,https://github.com/langchain4j/langchain4j,8882,2023-06-20T15:30:29Z,51,Java
Freelander/Android_Data,https://github.com/Freelander/Android_Data,8842,2015-04-04T01:37:44Z,0,Java
nathanmarz/storm,https://github.com/nathanmarz/storm,8811,2011-09-17T07:55:13Z,0,Java
laobie/StatusBarUtil,https://github.com/laobie/StatusBarUtil,8806,2016-02-15T03:06:06Z,0,Java
java-native-access/jna,https://github.com/java-native-access/jna,8794,2011-04-29T13:30:29Z,0,Java
apache/seatunnel,https://github.com/apache/seatunnel,8761,2017-08-05T09:14:47Z,51,Java
Blankj/awesome-java-leetcode,https://github.com/Blankj/awesome-java-leetcode,8717,2017-04-17T15:51:41Z,0,Java
chrisbanes/Android-PullToRefresh,https://github.com/chrisbanes/Android-PullToRefresh,8689,2011-11-29T09:59:56Z,0,Java
flowable/flowable-engine,https://github.com/flowable/flowable-engine,8684,2016-10-13T07:21:43Z,28,Java
ybq/Android-SpinKit,https://github.com/ybq/Android-SpinKit,8665,2016-03-20T08:40:51Z,0,Java
checkstyle/checkstyle,https://github.com/checkstyle/checkstyle,8662,2013-08-31T02:05:05Z,169,Java
karatelabs/karate,https://github.com/karatelabs/karate,8651,2017-02-07T15:59:17Z,54,Java
apache/shenyu,https://github.com/apache/shenyu,8650,2018-07-11T08:17:45Z,13,Java
shwenzhang/AndResGuard,https://github.com/shwenzhang/AndResGuard,8621,2015-10-11T11:48:06Z,4,Java
react-native-image-picker/react-native-image-picker,https://github.com/react-native-image-picker/react-native-image-picker,8586,2015-06-08T20:25:31Z,142,Java
chrisjenx/Calligraphy,https://github.com/chrisjenx/Calligraphy,8571,2013-12-20T02:35:45Z,4,Java
airbnb/epoxy,https://github.com/airbnb/epoxy,8564,2016-08-08T23:05:11Z,76,Java
amitshekhariitbhu/Android-Debug-Database,https://github.com/amitshekhariitbhu/Android-Debug-Database,8561,2016-11-16T14:20:24Z,14,Java
facebook/buck,https://github.com/facebook/buck,8557,2013-04-17T18:12:18Z,57,Java
dropwizard/dropwizard,https://github.com/dropwizard/dropwizard,8552,2011-01-19T19:52:29Z,188,Java
junit-team/junit4,https://github.com/junit-team/junit4,8536,2009-01-13T03:41:26Z,13,Java
frohoff/ysoserial,https://github.com/frohoff/ysoserial,8497,2015-01-28T07:13:55Z,1,Java
google/tsunami-security-scanner,https://github.com/google/tsunami-security-scanner,8460,2020-06-03T16:20:00Z,27,Java
roughike/BottomBar,https://github.com/roughike/BottomBar,8393,2016-03-16T01:31:05Z,4,Java
hs-web/hsweb-framework,https://github.com/hs-web/hsweb-framework,8382,2016-01-18T03:51:39Z,30,Java
PojavLauncherTeam/PojavLauncher,https://github.com/PojavLauncherTeam/PojavLauncher,8361,2020-03-11T03:22:54Z,126,Java
LSPosed/LSPatch,https://github.com/LSPosed/LSPatch,8360,2021-03-01T19:38:36Z,9,Java
DImuthuUpe/AndroidPdfViewer,https://github.com/DImuthuUpe/AndroidPdfViewer,8352,2016-06-02T20:21:21Z,0,Java
ZCShou/GoGoGo,https://github.com/ZCShou/GoGoGo,8351,2021-12-03T06:59:39Z,8,Java
testcontainers/testcontainers-java,https://github.com/testcontainers/testcontainers-java,8311,2015-04-12T12:44:59Z,85,Java
wildfirechat/im-server,https://github.com/wildfirechat/im-server,8287,2019-01-23T15:21:28Z,107,Java
apache/beam,https://github.com/apache/beam,8283,2016-02-02T08:00:06Z,52,Java
apache/shardingsphere-elasticjob,https://github.com/apache/shardingsphere-elasticjob,8205,2015-09-11T11:28:52Z,30,Java
pentaho/pentaho-kettle,https://github.com/pentaho/pentaho-kettle,8154,2013-10-08T18:27:11Z,1,Java
alibaba/atlas,https://github.com/alibaba/atlas,8153,2017-02-28T06:31:43Z,7,Java
alibaba/otter,https://github.com/alibaba/otter,8124,2013-08-09T09:31:22Z,10,Java
cabaletta/baritone,https://github.com/cabaletta/baritone,8120,2018-08-01T15:34:21Z,85,Java
alibaba/transmittable-thread-local,https://github.com/alibaba/transmittable-thread-local,8120,2013-10-13T08:48:33Z,58,Java
florent37/MaterialViewPager,https://github.com/florent37/MaterialViewPager,8115,2015-04-24T17:53:15Z,11,Java
guolindev/LitePal,https://github.com/guolindev/LitePal,8100,2013-02-20T03:20:07Z,0,Java
HMCL-dev/HMCL,https://github.com/HMCL-dev/HMCL,8086,2015-06-22T08:06:03Z,256,Java
bytedeco/javacv,https://github.com/bytedeco/javacv,8077,2014-04-21T13:50:26Z,13,Java
aeron-io/aeron,https://github.com/aeron-io/aeron,8067,2014-02-07T17:16:58Z,126,Java
aritraroy/UltimateAndroidReference,https://github.com/aritraroy/UltimateAndroidReference,8066,2017-04-10T07:28:27Z,0,Java
Netflix/SimianArmy,https://github.com/Netflix/SimianArmy,7985,2012-07-06T22:00:05Z,4,Java
davemorrissey/subsampling-scale-image-view,https://github.com/davemorrissey/subsampling-scale-image-view,7985,2013-08-26T16:45:25Z,21,Java
junixapp/XPopup,https://github.com/junixapp/XPopup,7961,2018-12-07T06:16:48Z,221,Java
apache/tomcat,https://github.com/apache/tomcat,7938,2011-10-01T07:00:19Z,0,Java
JakeWharton/hugo,https://github.com/JakeWharton/hugo,7932,2013-11-25T09:16:40Z,0,Java
apache/iceberg,https://github.com/apache/iceberg,7922,2018-11-19T16:26:46Z,30,Java
dropwizard/metrics,https://github.com/dropwizard/metrics,7852,2010-02-26T19:44:42Z,138,Java
HannahMitt/HomeMirror,https://github.com/HannahMitt/HomeMirror,7845,2015-08-23T03:20:08Z,0,Java
software-mansion/react-native-svg,https://github.com/software-mansion/react-native-svg,7809,2016-01-17T14:29:21Z,123,Java
ChrisRM/material-theme-jetbrains,https://github.com/ChrisRM/material-theme-jetbrains,7799,2015-09-23T07:15:04Z,17,Java
Graylog2/graylog2-server,https://github.com/Graylog2/graylog2-server,7784,2010-05-17T21:27:02Z,0,Java
trello-archive/RxLifecycle,https://github.com/trello-archive/RxLifecycle,7696,2015-07-20T13:32:23Z,22,Java
goldze/MVVMHabit,https://github.com/goldze/MVVMHabit,7686,2017-07-21T10:38:40Z,3,Java
vipshop/vjtools,https://github.com/vipshop/vjtools,7672,2018-05-29T09:07:08Z,9,Java
Tencent/Shadow,https://github.com/Tencent/Shadow,7639,2019-06-13T10:50:27Z,5,Java
krahets/LeetCode-Book,https://github.com/krahets/LeetCode-Book,7630,2021-12-17T14:16:02Z,0,Java
gedoor/MyBookshelf,https://github.com/gedoor/MyBookshelf,7622,2018-06-12T03:48:07Z,165,Java
lecho/hellocharts-android,https://github.com/lecho/hellocharts-android,7620,2014-10-12T09:12:37Z,14,Java
google/android-classyshark,https://github.com/google/android-classyshark,7586,2015-10-12T13:40:48Z,17,Java
PowerJob/PowerJob,https://github.com/PowerJob/PowerJob,7581,2020-03-16T09:19:55Z,51,Java
google/closure-compiler,https://github.com/google/closure-compiler,7564,2014-04-16T15:30:36Z,0,Java
koush/AndroidAsync,https://github.com/koush/AndroidAsync,7549,2012-08-24T07:27:04Z,0,Java
kaushikgopal/RxJava-Android-Samples,https://github.com/kaushikgopal/RxJava-Android-Samples,7530,2014-07-23T05:13:52Z,0,Java
kevin-wayne/algs4,https://github.com/kevin-wayne/algs4,7502,2015-08-31T09:28:49Z,0,Java
mapstruct/mapstruct,https://github.com/mapstruct/mapstruct,7482,2012-05-28T12:42:42Z,35,Java
yuanguangxin/LeetCode,https://github.com/yuanguangxin/LeetCode,7467,2020-01-11T01:02:02Z,0,Java
swagger-api/swagger-core,https://github.com/swagger-api/swagger-core,7451,2011-07-05T23:44:11Z,120,Java
jeecgboot/jimureport,https://github.com/jeecgboot/jimureport,7446,2019-12-05T12:25:59Z,29,Java
enso-org/enso,https://github.com/enso-org/enso,7436,2016-12-16T17:23:37Z,470,Java
lenve/VBlog,https://github.com/lenve/VBlog,7421,2017-12-26T11:01:55Z,0,Java
dyc87112/SpringCloud-Learning,https://github.com/dyc87112/SpringCloud-Learning,7402,2016-08-21T03:39:52Z,0,Java
abel533/Mapper,https://github.com/abel533/Mapper,7374,2014-11-21T11:02:10Z,8,Java
leolin310148/ShortcutBadger,https://github.com/leolin310148/ShortcutBadger,7356,2013-11-15T12:51:52Z,0,Java
Qihoo360/RePlugin,https://github.com/Qihoo360/RePlugin,7342,2017-06-08T09:39:09Z,19,Java
gunnarmorling/1brc,https://github.com/gunnarmorling/1brc,7314,2023-12-28T09:13:24Z,0,Java
square/dagger,https://github.com/square/dagger,7302,2012-08-02T23:25:32Z,0,Java
MinecraftForge/MinecraftForge,https://github.com/MinecraftForge/MinecraftForge,7295,2012-01-30T01:35:01Z,0,Java
gocd/gocd,https://github.com/gocd/gocd,7285,2013-12-13T05:26:16Z,86,Java
Bearded-Hen/Android-Bootstrap,https://github.com/Bearded-Hen/Android-Bootstrap,7273,2013-11-01T15:36:17Z,5,Java
pedant/sweet-alert-dialog,https://github.com/pedant/sweet-alert-dialog,7256,2014-10-19T09:24:09Z,2,Java
crazycodeboy/TakePhoto,https://github.com/crazycodeboy/TakePhoto,7243,2015-08-04T02:05:32Z,15,Java
Exrick/xmall,https://github.com/Exrick/xmall,7232,2017-07-28T01:49:49Z,0,Java
geeeeeeeeek/WeChatLuckyMoney,https://github.com/geeeeeeeeek/WeChatLuckyMoney,7223,2015-09-30T16:11:20Z,20,Java
AntennaPod/AntennaPod,https://github.com/AntennaPod/AntennaPod,7214,2012-07-31T10:25:08Z,62,Java
cymcsg/UltimateRecyclerView,https://github.com/cymcsg/UltimateRecyclerView,7207,2015-01-28T02:27:45Z,9,Java
google/agera,https://github.com/google/agera,7169,2015-12-17T13:22:58Z,16,Java
NanoHttpd/nanohttpd,https://github.com/NanoHttpd/nanohttpd,7160,2012-08-10T21:52:42Z,3,Java
dependency-check/DependencyCheck,https://github.com/dependency-check/DependencyCheck,7159,2012-09-03T20:43:30Z,85,Java
didi/KnowStreaming,https://github.com/didi/KnowStreaming,7141,2020-03-19T05:13:51Z,23,Java
ogaclejapan/SmartTabLayout,https://github.com/ogaclejapan/SmartTabLayout,7101,2015-02-14T11:25:51Z,0,Java
JakeWharton/ActionBarSherlock,https://github.com/JakeWharton/ActionBarSherlock,7076,2011-03-07T17:28:54Z,32,Java
Alluxio/alluxio,https://github.com/Alluxio/alluxio,7066,2012-12-21T17:43:46Z,61,Java
naman14/Timber,https://github.com/naman14/Timber,7057,2015-06-12T16:43:55Z,5,Java
Genymobile/gnirehtet,https://github.com/Genymobile/gnirehtet,7057,2017-02-09T16:01:13Z,12,Java
google/error-prone,https://github.com/google/error-prone,7038,2014-08-21T23:26:50Z,57,Java
NLPchina/elasticsearch-sql,https://github.com/NLPchina/elasticsearch-sql,7033,2014-08-24T14:26:31Z,272,Java
h2pl/JavaTutorial,https://github.com/h2pl/JavaTutorial,7029,2018-05-01T15:57:21Z,1,Java
rest-assured/rest-assured,https://github.com/rest-assured/rest-assured,7019,2010-10-21T08:35:43Z,0,Java
AutoMQ/automq,https://github.com/AutoMQ/automq,6994,2023-08-17T07:50:13Z,69,Java
mrniko/netty-socketio,https://github.com/mrniko/netty-socketio,6993,2012-01-12T11:43:49Z,19,Java
wiremock/wiremock,https://github.com/wiremock/wiremock,6968,2011-10-09T20:27:24Z,51,Java
DroidPluginTeam/DroidPlugin,https://github.com/DroidPluginTeam/DroidPlugin,6962,2015-08-27T11:14:57Z,2,Java
alibaba/jvm-sandbox,https://github.com/alibaba/jvm-sandbox,6920,2017-08-03T02:55:31Z,13,Java
hongyangAndroid/okhttputils,https://github.com/hongyangAndroid/okhttputils,6865,2015-08-17T14:53:29Z,0,Java
Meituan-Dianping/walle,https://github.com/Meituan-Dianping/walle,6847,2017-01-10T03:39:25Z,1,Java
macrozheng/springcloud-learning,https://github.com/macrozheng/springcloud-learning,6825,2019-09-07T02:36:16Z,0,Java
exadel-inc/CompreFace,https://github.com/exadel-inc/CompreFace,6824,2020-07-06T08:29:43Z,11,Java
rabbitmq/rabbitmq-tutorials,https://github.com/rabbitmq/rabbitmq-tutorials,6804,2010-09-21T11:41:26Z,0,Java
zo0r/react-native-push-notification,https://github.com/zo0r/react-native-push-notification,6789,2015-12-14T19:53:36Z,35,Java
smuyyh/BookReader,https://github.com/smuyyh/BookReader,6779,2016-08-03T05:17:27Z,0,Java
junit-team/junit-framework,https://github.com/junit-team/junit-framework,6779,2015-01-11T19:06:10Z,96,Java
Angel-ML/angel,https://github.com/Angel-ML/angel,6776,2017-04-25T05:57:43Z,19,Java
CoderLeixiaoshuai/java-eight-part,https://github.com/CoderLeixiaoshuai/java-eight-part,6758,2020-10-16T16:27:04Z,0,Java
guardianproject/haven,https://github.com/guardianproject/haven,6727,2017-03-01T03:20:03Z,37,Java
markzhai/AndroidPerformanceMonitor,https://github.com/markzhai/AndroidPerformanceMonitor,6726,2016-01-17T05:23:22Z,0,Java
getActivity/AndroidProject,https://github.com/getActivity/AndroidProject,6716,2018-10-23T10:30:55Z,17,Java
gzu-liyujiang/AndroidPicker,https://github.com/gzu-liyujiang/AndroidPicker,6709,2015-10-21T14:21:16Z,57,Java
zouzg/mybatis-generator-gui,https://github.com/zouzg/mybatis-generator-gui,6706,2016-05-08T22:39:39Z,16,Java
fuzhengwei/itstack-demo-design,https://github.com/fuzhengwei/itstack-demo-design,6700,2020-05-20T13:45:30Z,0,Java
527515025/springBoot,https://github.com/527515025/springBoot,6698,2016-11-07T02:13:31Z,0,Java
hongyangAndroid/AndroidAutoLayout,https://github.com/hongyangAndroid/AndroidAutoLayout,6676,2015-11-19T02:09:11Z,0,Java
Meituan-Dianping/Leaf,https://github.com/Meituan-Dianping/Leaf,6660,2018-12-11T07:41:35Z,0,Java
apache/storm,https://github.com/apache/storm,6649,2013-11-05T08:00:14Z,5,Java
yanzhenjie/AndPermission,https://github.com/yanzhenjie/AndPermission,6647,2016-09-11T05:17:34Z,0,Java
Col-E/Recaf,https://github.com/Col-E/Recaf,6633,2017-07-27T06:01:10Z,170,Java
spring-projects/spring-ai,https://github.com/spring-projects/spring-ai,6618,2023-06-27T18:57:29Z,1,Java
quartz-scheduler/quartz,https://github.com/quartz-scheduler/quartz,6602,2016-03-07T14:05:37Z,5,Java
raphw/byte-buddy,https://github.com/raphw/byte-buddy,6601,2013-11-25T19:38:03Z,303,Java
GrenderG/Toasty,https://github.com/GrenderG/Toasty,6601,2017-01-18T18:52:41Z,19,Java
apache/hertzbeat,https://github.com/apache/hertzbeat,6575,2022-02-04T14:48:56Z,6,Java
apache/zeppelin,https://github.com/apache/zeppelin,6556,2015-03-25T07:00:06Z,0,Java
JesusFreke/smali,https://github.com/JesusFreke/smali,6532,2012-09-23T19:51:16Z,0,Java
NLPchina/ansj_seg,https://github.com/NLPchina/ansj_seg,6530,2012-09-05T05:56:24Z,3,Java
jOOQ/jOOQ,https://github.com/jOOQ/jOOQ,6511,2011-04-17T10:43:33Z,102,Java
ximsfei/Android-skin-support,https://github.com/ximsfei/Android-skin-support,6508,2017-01-12T15:03:54Z,0,Java
processing/processing,https://github.com/processing/processing,6505,2013-01-24T21:17:22Z,48,Java
MuntashirAkon/AppManager,https://github.com/MuntashirAkon/AppManager,6467,2020-05-30T04:08:56Z,76,Java
FongMi/TV,https://github.com/FongMi/TV,6449,2022-06-22T09:10:23Z,0,Java
getActivity/XXPermissions,https://github.com/getActivity/XXPermissions,6432,2018-06-15T14:31:29Z,72,Java
ArthurHub/Android-Image-Cropper,https://github.com/ArthurHub/Android-Image-Cropper,6430,2015-01-15T10:49:37Z,32,Java
wxiaoqi/Spring-Cloud-Platform,https://github.com/wxiaoqi/Spring-Cloud-Platform,6430,2017-05-25T10:35:26Z,3,Java
vinc3m1/RoundedImageView,https://github.com/vinc3m1/RoundedImageView,6428,2013-02-22T01:17:37Z,19,Java
traccar/traccar,https://github.com/traccar/traccar,6425,2012-04-16T08:33:49Z,63,Java
pig-mesh/pig,https://github.com/pig-mesh/pig,6411,2019-08-26T03:24:53Z,19,Java
AsyncHttpClient/async-http-client,https://github.com/AsyncHttpClient/async-http-client,6392,2011-03-07T13:41:46Z,6,Java
hazelcast/hazelcast,https://github.com/hazelcast/hazelcast,6386,2012-03-21T12:25:18Z,200,Java
aa112901/remusic,https://github.com/aa112901/remusic,6360,2016-03-24T06:20:39Z,0,Java
sshahine/JFoenix,https://github.com/sshahine/JFoenix,6347,2015-09-08T14:04:24Z,0,Java
wasabeef/richeditor-android,https://github.com/wasabeef/richeditor-android,6333,2015-03-30T16:19:20Z,0,Java
joelittlejohn/jsonschema2pojo,https://github.com/joelittlejohn/jsonschema2pojo,6328,2013-06-22T22:28:53Z,63,Java
vespa-engine/vespa,https://github.com/vespa-engine/vespa,6326,2016-06-03T20:54:20Z,235,Java
amitshekhariitbhu/from-java-to-kotlin,https://github.com/amitshekhariitbhu/from-java-to-kotlin,6293,2017-05-21T11:56:27Z,0,Java
micronaut-projects/micronaut-core,https://github.com/micronaut-projects/micronaut-core,6291,2018-03-07T12:05:08Z,310,Java
koush/ion,https://github.com/koush/ion,6275,2013-05-22T07:41:23Z,0,Java
lightbend/config,https://github.com/lightbend/config,6261,2011-12-06T08:02:29Z,2,Java
haifengl/smile,https://github.com/haifengl/smile,6250,2014-11-20T16:28:12Z,33,Java
648540858/wvp-GB28181-pro,https://github.com/648540858/wvp-GB28181-pro,6244,2020-11-14T14:16:37Z,1,Java
hibernate/hibernate-orm,https://github.com/hibernate/hibernate-orm,6228,2010-10-04T16:15:52Z,108,Java
ityouknow/spring-cloud-examples,https://github.com/ityouknow/spring-cloud-examples,6226,2017-04-28T08:48:53Z,0,Java
apache/flink-cdc,https://github.com/apache/flink-cdc,6213,2020-07-27T19:23:33Z,22,Java
gephi/gephi,https://github.com/gephi/gephi,6196,2011-10-22T03:14:46Z,19,Java
graphql-java/graphql-java,https://github.com/graphql-java/graphql-java,6195,2015-07-06T06:52:20Z,93,Java
DerekYRC/mini-spring,https://github.com/DerekYRC/mini-spring,6183,2020-11-17T11:59:18Z,0,Java
Javen205/IJPay,https://github.com/Javen205/IJPay,6149,2017-05-02T03:15:32Z,24,Java
jetlinks/jetlinks-community,https://github.com/jetlinks/jetlinks-community,6139,2020-01-02T07:27:34Z,20,Java
google/grafika,https://github.com/google/grafika,6131,2013-12-19T18:36:53Z,1,Java
ikew0ng/SwipeBackLayout,https://github.com/ikew0ng/SwipeBackLayout,6126,2013-08-25T03:36:12Z,0,Java
auth0/java-jwt,https://github.com/auth0/java-jwt,6119,2014-03-07T15:06:11Z,45,Java
logisim-evolution/logisim-evolution,https://github.com/logisim-evolution/logisim-evolution,6116,2014-09-19T05:23:24Z,30,Java
apache/incubator-kie-drools,https://github.com/apache/incubator-kie-drools,6110,2011-02-18T08:37:05Z,6,Java
daimajia/NumberProgressBar,https://github.com/daimajia/NumberProgressBar,6104,2014-05-01T08:54:25Z,3,Java
rengwuxian/MaterialEditText,https://github.com/rengwuxian/MaterialEditText,6101,2014-10-30T10:07:23Z,19,Java
nayuki/QR-Code-generator,https://github.com/nayuki/QR-Code-generator,6078,2016-04-15T02:19:41Z,5,Java
Vedenin/useful-java-links,https://github.com/Vedenin/useful-java-links,6058,2016-02-13T13:14:52Z,0,Java
alipay/SoloPi,https://github.com/alipay/SoloPi,6032,2019-03-14T15:32:49Z,8,Java
google/j2objc,https://github.com/google/j2objc,6029,2014-01-30T20:19:56Z,1,Java
LandGrey/SpringBootVulExploit,https://github.com/LandGrey/SpringBootVulExploit,6029,2020-05-20T09:18:44Z,0,Java
singwhatiwanna/dynamic-load-apk,https://github.com/singwhatiwanna/dynamic-load-apk,6029,2014-03-30T11:51:00Z,0,Java
pedrovgs/EffectiveAndroidUI,https://github.com/pedrovgs/EffectiveAndroidUI,6015,2014-07-04T08:42:20Z,0,Java
rey5137/material,https://github.com/rey5137/material,5990,2014-12-09T12:07:32Z,10,Java
graphhopper/graphhopper,https://github.com/graphhopper/graphhopper,5985,2012-02-18T19:57:38Z,45,Java
google/physical-web,https://github.com/google/physical-web,5984,2014-09-30T18:32:14Z,17,Java
robolectric/robolectric,https://github.com/robolectric/robolectric,5970,2010-08-28T00:28:25Z,110,Java
wyouflf/xUtils3,https://github.com/wyouflf/xUtils3,5969,2015-10-28T10:56:04Z,9,Java
vavr-io/vavr,https://github.com/vavr-io/vavr,5964,2014-01-30T14:07:25Z,19,Java
liyifeng1994/ssm,https://github.com/liyifeng1994/ssm,5960,2016-06-18T17:58:56Z,0,Java
obsidiandynamics/kafdrop,https://github.com/obsidiandynamics/kafdrop,5956,2019-05-27T08:46:56Z,50,Java
btraceio/btrace,https://github.com/btraceio/btrace,5949,2014-08-28T18:58:24Z,33,Java
apache/camel,https://github.com/apache/camel,5938,2009-05-21T00:25:36Z,0,Java
springfox/springfox,https://github.com/springfox/springfox,5938,2012-05-06T06:38:57Z,12,Java
javaparser/javaparser,https://github.com/javaparser/javaparser,5936,2011-10-30T14:03:44Z,55,Java
apache/hudi,https://github.com/apache/hudi,5929,2016-12-14T15:53:41Z,31,Java
prolificinteractive/material-calendarview,https://github.com/prolificinteractive/material-calendarview,5928,2015-02-09T22:31:56Z,22,Java
antoniolg/androidmvp,https://github.com/antoniolg/androidmvp,5924,2014-04-02T05:42:20Z,0,Java
google/google-java-format,https://github.com/google/google-java-format,5909,2015-05-11T20:38:28Z,35,Java
weibocom/motan,https://github.com/weibocom/motan,5895,2016-04-20T10:56:17Z,27,Java
journeyapps/zxing-android-embedded,https://github.com/journeyapps/zxing-android-embedded,5890,2012-11-28T16:36:39Z,9,Java
apache/pinot,https://github.com/apache/pinot,5887,2014-05-19T23:27:48Z,20,Java
WeiYe-Jing/datax-web,https://github.com/WeiYe-Jing/datax-web,5880,2019-11-19T01:09:05Z,5,Java
lets-blade/blade,https://github.com/lets-blade/blade,5878,2015-06-10T03:35:49Z,9,Java
apache/iotdb,https://github.com/apache/iotdb,5874,2018-11-24T21:29:17Z,46,Java
ZhongFuCheng3y/austin,https://github.com/ZhongFuCheng3y/austin,5871,2021-11-06T09:36:01Z,0,Java
opengoofy/hippo4j,https://github.com/opengoofy/hippo4j,5868,2021-06-16T02:59:48Z,18,Java
amitshekhariitbhu/Fast-Android-Networking,https://github.com/amitshekhariitbhu/Fast-Android-Networking,5839,2016-03-21T18:35:44Z,10,Java
CeuiLiSA/Pixiv-Shaft,https://github.com/CeuiLiSA/Pixiv-Shaft,5825,2019-04-01T09:59:09Z,110,Java
ffay/lanproxy,https://github.com/ffay/lanproxy,5805,2016-11-20T08:12:10Z,1,Java
Nightonke/BoomMenu,https://github.com/Nightonke/BoomMenu,5805,2016-03-19T12:04:12Z,0,Java
JSQLParser/JSqlParser,https://github.com/JSQLParser/JSqlParser,5798,2011-06-23T22:51:52Z,37,Java
changmingxie/tcc-transaction,https://github.com/changmingxie/tcc-transaction,5796,2015-12-05T04:27:53Z,8,Java
youtube/api-samples,https://github.com/youtube/api-samples,5792,2013-12-09T18:41:41Z,0,Java
LaurieWired/GhidraMCP,https://github.com/LaurieWired/GhidraMCP,5791,2025-03-23T05:36:55Z,5,Java
yarolegovich/DiscreteScrollView,https://github.com/yarolegovich/DiscreteScrollView,5789,2017-03-03T23:38:54Z,2,Java
apache/hive,https://github.com/apache/hive,5780,2009-05-21T02:31:01Z,0,Java
JakeWharton/DiskLruCache,https://github.com/JakeWharton/DiskLruCache,5776,2012-01-05T00:36:34Z,0,Java
dmytrodanylyk/circular-progress-button,https://github.com/dmytrodanylyk/circular-progress-button,5772,2014-06-07T12:58:48Z,3,Java
Nepxion/Discovery,https://github.com/Nepxion/Discovery,5744,2018-06-21T16:16:49Z,132,Java
TeamAmaze/AmazeFileManager,https://github.com/TeamAmaze/AmazeFileManager,5743,2014-07-14T19:47:53Z,66,Java
k0shk0sh/FastHub,https://github.com/k0shk0sh/FastHub,5733,2017-02-18T17:53:16Z,63,Java
Devlight/InfiniteCycleViewPager,https://github.com/Devlight/InfiniteCycleViewPager,5727,2016-08-22T08:04:39Z,2,Java
jpush/aurora-imui,https://github.com/jpush/aurora-imui,5716,2016-12-13T05:24:01Z,42,Java
jeequan/jeepay,https://github.com/jeequan/jeepay,5714,2017-08-12T02:40:32Z,0,Java
yanzhenjie/SwipeRecyclerView,https://github.com/yanzhenjie/SwipeRecyclerView,5705,2016-08-03T15:43:34Z,0,Java
springside/springside4,https://github.com/springside/springside4,5687,2012-02-23T08:39:03Z,3,Java
dromara/lamp-cloud,https://github.com/dromara/lamp-cloud,5683,2018-01-17T02:51:04Z,0,Java
wasabeef/Blurry,https://github.com/wasabeef/Blurry,5661,2015-07-23T14:12:08Z,0,Java
JakeWharton/u2020,https://github.com/JakeWharton/u2020,5659,2013-11-14T11:58:23Z,0,Java
crazycodeboy/react-native-splash-screen,https://github.com/crazycodeboy/react-native-splash-screen,5659,2016-09-14T10:43:55Z,12,Java
alibaba/spring-ai-alibaba,https://github.com/alibaba/spring-ai-alibaba,5658,2024-09-09T01:35:50Z,10,Java
jagrosh/MusicBot,https://github.com/jagrosh/MusicBot,5657,2016-08-14T18:46:29Z,38,Java
hanks-zyh/HTextView,https://github.com/hanks-zyh/HTextView,5652,2015-12-19T16:34:59Z,0,Java
apache/nifi,https://github.com/apache/nifi,5645,2014-12-12T08:00:05Z,0,Java
redis/lettuce,https://github.com/redis/lettuce,5631,2014-05-10T13:08:46Z,134,Java
ZHENFENG13/spring-boot-projects,https://github.com/ZHENFENG13/spring-boot-projects,5625,2017-04-01T01:50:14Z,0,Java
daimajia/AndroidImageSlider,https://github.com/daimajia/AndroidImageSlider,5620,2014-06-02T06:04:17Z,5,Java
ElderDrivers/EdXposed,https://github.com/ElderDrivers/EdXposed,5604,2019-01-18T16:18:19Z,27,Java
JanusGraph/janusgraph,https://github.com/JanusGraph/janusgraph,5603,2016-12-26T13:26:29Z,28,Java
meefik/linuxdeploy,https://github.com/meefik/linuxdeploy,5600,2012-08-21T04:49:14Z,37,Java
TommyLemon/Android-ZBLibrary,https://github.com/TommyLemon/Android-ZBLibrary,5599,2015-08-20T16:03:53Z,25,Java
hongyangAndroid/FlowLayout,https://github.com/hongyangAndroid/FlowLayout,5597,2015-08-28T09:32:31Z,0,Java
amlcurran/ShowcaseView,https://github.com/amlcurran/ShowcaseView,5583,2012-08-14T19:07:36Z,13,Java
Suwayomi/Suwayomi-Server,https://github.com/Suwayomi/Suwayomi-Server,5565,2020-12-23T20:31:38Z,58,Java
baidu/uid-generator,https://github.com/baidu/uid-generator,5558,2017-03-27T04:03:43Z,0,Java
knightliao/disconf,https://github.com/knightliao/disconf,5554,2014-05-30T09:39:27Z,12,Java
nhaarman/ListViewAnimations,https://github.com/nhaarman/ListViewAnimations,5551,2013-03-19T11:59:23Z,14,Java
jd-opensource/joyagent-jdgenie,https://github.com/jd-opensource/joyagent-jdgenie,5526,2025-07-16T02:59:53Z,0,Java
danikula/AndroidVideoCache,https://github.com/danikula/AndroidVideoCache,5501,2015-04-01T11:25:52Z,20,Java
emilsjolander/StickyListHeaders,https://github.com/emilsjolander/StickyListHeaders,5497,2012-03-11T18:29:18Z,16,Java
wuhaoyu1990/MagicCamera,https://github.com/wuhaoyu1990/MagicCamera,5494,2016-01-08T11:36:56Z,0,Java
sockeqwe/mosby,https://github.com/sockeqwe/mosby,5478,2015-03-25T00:59:19Z,15,Java
00-Evan/shattered-pixel-dungeon,https://github.com/00-Evan/shattered-pixel-dungeon,5477,2014-07-31T21:56:31Z,52,Java
alibaba/jetcache,https://github.com/alibaba/jetcache,5467,2017-04-12T07:48:23Z,67,Java
scribejava/scribejava,https://github.com/scribejava/scribejava,5466,2010-09-05T19:11:40Z,9,Java
alibaba/freeline,https://github.com/alibaba/freeline,5461,2016-08-03T17:22:52Z,22,Java
KeepSafe/TapTargetView,https://github.com/KeepSafe/TapTargetView,5456,2016-09-11T09:07:36Z,24,Java
dm77/barcodescanner,https://github.com/dm77/barcodescanner,5451,2014-02-24T21:14:09Z,6,Java
Jasonchenlijian/FastBle,https://github.com/Jasonchenlijian/FastBle,5438,2016-08-23T02:06:33Z,9,Java
motianhuo/wechat,https://github.com/motianhuo/wechat,5437,2015-05-25T02:33:37Z,0,Java
201206030/novel,https://github.com/201206030/novel,5437,2019-11-11T01:13:52Z,12,Java
facebookarchive/rebound,https://github.com/facebookarchive/rebound,5418,2013-10-11T01:12:37Z,10,Java
ddd-by-examples/library,https://github.com/ddd-by-examples/library,5417,2019-01-11T09:14:03Z,0,Java
apache/dubbo-spring-boot-project,https://github.com/apache/dubbo-spring-boot-project,5406,2018-01-18T12:10:50Z,13,Java
socketio/socket.io-client-java,https://github.com/socketio/socket.io-client-java,5405,2013-04-28T17:04:05Z,7,Java
apache/hbase,https://github.com/apache/hbase,5380,2014-05-23T07:00:07Z,47,Java
Evernote/android-job,https://github.com/Evernote/android-job,5372,2015-08-20T19:36:54Z,31,Java
facebookarchive/shimmer-android,https://github.com/facebookarchive/shimmer-android,5365,2015-02-27T22:25:22Z,5,Java
mik3y/usb-serial-for-android,https://github.com/mik3y/usb-serial-for-android,5365,2013-06-30T23:17:45Z,33,Java
houbb/sensitive-word,https://github.com/houbb/sensitive-word,5362,2020-01-07T03:10:44Z,2,Java
strimzi/strimzi-kafka-operator,https://github.com/strimzi/strimzi-kafka-operator,5358,2016-05-06T08:52:33Z,155,Java
jgilfelt/SystemBarTint,https://github.com/jgilfelt/SystemBarTint,5356,2013-11-17T12:35:05Z,3,Java
apache/groovy,https://github.com/apache/groovy,5354,2015-04-16T07:00:05Z,0,Java
commonsguy/cw-omnibus,https://github.com/commonsguy/cw-omnibus,5351,2012-03-12T14:12:06Z,36,Java
microsoft/typespec,https://github.com/microsoft/typespec,5350,2021-06-30T23:29:49Z,259,Java
spring-projects/spring-data-examples,https://github.com/spring-projects/spring-data-examples,5348,2014-01-30T15:42:43Z,0,Java
ikarus23/MifareClassicTool,https://github.com/ikarus23/MifareClassicTool,5337,2013-02-12T15:39:03Z,8,Java
h6ah4i/android-advancedrecyclerview,https://github.com/h6ah4i/android-advancedrecyclerview,5337,2015-01-24T16:14:39Z,1,Java
XRecyclerView/XRecyclerView,https://github.com/XRecyclerView/XRecyclerView,5324,2015-11-18T08:14:22Z,0,Java
coobird/thumbnailator,https://github.com/coobird/thumbnailator,5321,2015-07-25T05:38:33Z,0,Java
mybatis/generator,https://github.com/mybatis/generator,5312,2013-02-10T11:14:50Z,11,Java
google/google-authenticator,https://github.com/google/google-authenticator,5302,2014-10-08T17:54:27Z,0,Java
evant/gradle-retrolambda,https://github.com/evant/gradle-retrolambda,5294,2013-08-05T02:09:58Z,37,Java
osmandapp/OsmAnd,https://github.com/osmandapp/OsmAnd,5292,2011-01-15T19:59:44Z,1,Java
LFDT-web3j/web3j,https://github.com/LFDT-web3j/web3j,5291,2016-09-04T05:48:49Z,119,Java
xxv/android-lifecycle,https://github.com/xxv/android-lifecycle,5275,2014-04-18T14:26:22Z,0,Java
yixia/VitamioBundle,https://github.com/yixia/VitamioBundle,5273,2012-10-19T08:40:49Z,0,Java
CaffeineMC/sodium,https://github.com/CaffeineMC/sodium,5257,2020-02-01T03:04:09Z,40,Java
CodingDocs/springboot-guide,https://github.com/CodingDocs/springboot-guide,5254,2018-11-28T01:05:07Z,0,Java
lingochamp/okdownload,https://github.com/lingochamp/okdownload,5248,2017-12-17T08:21:22Z,8,Java
zfdang/Android-Touch-Helper,https://github.com/zfdang/Android-Touch-Helper,5242,2020-10-16T00:58:41Z,112,Java
Yalantis/Side-Menu.Android,https://github.com/Yalantis/Side-Menu.Android,5241,2015-01-13T11:11:27Z,2,Java
thinkaurelius/titan,https://github.com/thinkaurelius/titan,5241,2012-02-25T22:53:53Z,0,Java
razerdp/BasePopup,https://github.com/razerdp/BasePopup,5234,2016-01-15T03:31:07Z,15,Java
lucasr/twoway-view,https://github.com/lucasr/twoway-view,5226,2013-01-18T20:55:23Z,0,Java
Doikki/DKVideoPlayer,https://github.com/Doikki/DKVideoPlayer,5225,2017-04-11T01:33:38Z,32,Java
alibaba/QLExpress,https://github.com/alibaba/QLExpress,5222,2017-03-15T08:39:54Z,17,Java
huangyanbin/smartTable,https://github.com/huangyanbin/smartTable,5220,2017-11-08T01:11:14Z,44,Java
cinit/QAuxiliary,https://github.com/cinit/QAuxiliary,5219,2022-01-29T06:12:36Z,48,Java
rubenlagus/TelegramBots,https://github.com/rubenlagus/TelegramBots,5216,2016-01-14T00:13:07Z,107,Java
Karumi/Dexter,https://github.com/Karumi/Dexter,5215,2015-11-17T13:14:43Z,33,Java
Clans/FloatingActionButton,https://github.com/Clans/FloatingActionButton,5209,2015-03-21T12:36:16Z,14,Java
liquibase/liquibase,https://github.com/liquibase/liquibase,5206,2011-07-08T20:08:20Z,103,Java
GeyserMC/Geyser,https://github.com/GeyserMC/Geyser,5205,2019-07-08T17:23:17Z,0,Java
pmd/pmd,https://github.com/pmd/pmd,5196,2012-07-11T18:03:00Z,107,Java
citerus/dddsample-core,https://github.com/citerus/dddsample-core,5188,2015-01-31T23:21:37Z,0,Java
hustcc/JS-Sorting-Algorithm,https://github.com/hustcc/JS-Sorting-Algorithm,5186,2017-01-19T11:36:21Z,0,Java
remkop/picocli,https://github.com/remkop/picocli,5184,2017-02-01T16:38:41Z,86,Java
dunwu/db-tutorial,https://github.com/dunwu/db-tutorial,5179,2017-08-08T06:33:38Z,0,Java
tonikelope/megabasterd,https://github.com/tonikelope/megabasterd,5162,2016-09-29T16:54:54Z,208,Java
android/views-widgets-samples,https://github.com/android/views-widgets-samples,5154,2019-09-06T21:39:12Z,0,Java
square/otto,https://github.com/square/otto,5149,2012-06-27T19:06:49Z,0,Java
careercup/ctci,https://github.com/careercup/ctci,5147,2013-03-21T23:01:01Z,0,Java
j-easy/easy-rules,https://github.com/j-easy/easy-rules,5147,2013-03-10T14:38:26Z,10,Java
novicezk/midjourney-proxy,https://github.com/novicezk/midjourney-proxy,5137,2023-04-24T13:43:45Z,0,Java
Fuzion24/JustTrustMe,https://github.com/Fuzion24/JustTrustMe,5134,2014-07-24T23:45:05Z,1,Java
reactor/reactor-core,https://github.com/reactor/reactor-core,5133,2015-11-10T10:06:40Z,210,Java
brianfrankcooper/YCSB,https://github.com/brianfrankcooper/YCSB,5131,2010-04-19T20:52:11Z,55,Java
bitcoinj/bitcoinj,https://github.com/bitcoinj/bitcoinj,5129,2013-11-19T04:33:23Z,14,Java
LWJGL/lwjgl3,https://github.com/LWJGL/lwjgl3,5119,2012-12-23T15:40:04Z,21,Java
runelite/runelite,https://github.com/runelite/runelite,5106,2016-04-30T20:48:02Z,0,Java
CellularPrivacy/Android-IMSI-Catcher-Detector,https://github.com/CellularPrivacy/Android-IMSI-Catcher-Detector,5088,2013-11-23T10:04:14Z,48,Java
zhanglei-workspace/shopping-management-system,https://github.com/zhanglei-workspace/shopping-management-system,5086,2015-11-16T12:53:21Z,0,Java
hneemann/Digital,https://github.com/hneemann/Digital,5086,2016-06-28T17:40:16Z,35,Java
deathmarine/Luyten,https://github.com/deathmarine/Luyten,5086,2013-07-11T10:57:28Z,17,Java
natario1/CameraView,https://github.com/natario1/CameraView,5083,2017-07-18T09:30:33Z,42,Java
fast-excel/fastexcel,https://github.com/fast-excel/fastexcel,5073,2024-10-05T11:42:50Z,5,Java
jindrapetrik/jpexs-decompiler,https://github.com/jindrapetrik/jpexs-decompiler,5070,2014-05-10T17:20:56Z,172,Java
oshi/oshi,https://github.com/oshi/oshi,5069,2012-02-10T12:46:48Z,165,Java
OpenTSDB/opentsdb,https://github.com/OpenTSDB/opentsdb,5060,2010-08-27T02:05:20Z,27,Java
sofastack/sofa-boot,https://github.com/sofastack/sofa-boot,5060,2018-04-02T08:28:14Z,82,Java
diffplug/spotless,https://github.com/diffplug/spotless,5060,2015-04-27T19:10:58Z,35,Java
wequick/Small,https://github.com/wequick/Small,5050,2015-11-27T11:37:20Z,25,Java
xuexiangjys/XUI,https://github.com/xuexiangjys/XUI,5041,2019-01-07T07:59:02Z,23,Java
baomidou/dynamic-datasource,https://github.com/baomidou/dynamic-datasource,5040,2018-04-28T02:32:16Z,18,Java
spring-projects/spring-authorization-server,https://github.com/spring-projects/spring-authorization-server,5040,2020-03-17T17:28:57Z,80,Java
Exrick/xpay,https://github.com/Exrick/xpay,5030,2017-12-12T16:11:19Z,0,Java
killbill/killbill,https://github.com/killbill/killbill,5023,2012-10-21T20:55:05Z,150,Java
yipianfengye/android-zxingLibrary,https://github.com/yipianfengye/android-zxingLibrary,5017,2016-07-26T08:00:18Z,0,Java
Trinea/android-common,https://github.com/Trinea/android-common,5015,2012-06-19T07:49:46Z,1,Java
youlookwhat/DesignPattern,https://github.com/youlookwhat/DesignPattern,5011,2016-10-21T10:59:32Z,0,Java
jankotek/mapdb,https://github.com/jankotek/mapdb,5011,2012-08-17T15:28:54Z,0,Java
rubensousa/GravitySnapHelper,https://github.com/rubensousa/GravitySnapHelper,5005,2016-08-31T07:25:23Z,14,Java
tianshiyeben/wgcloud,https://github.com/tianshiyeben/wgcloud,5005,2019-01-15T02:02:21Z,29,Java
2227324689/gpmall,https://github.com/2227324689/gpmall,5000,2019-07-18T14:09:22Z,0,Java
line/armeria,https://github.com/line/armeria,4995,2015-11-16T04:04:01Z,260,Java
youlookwhat/CloudReader,https://github.com/youlookwhat/CloudReader,4995,2016-11-20T11:59:25Z,26,Java
DingMouRen/LayoutManagerGroup,https://github.com/DingMouRen/LayoutManagerGroup,4992,2018-04-28T11:47:38Z,0,Java
orhanobut/dialogplus,https://github.com/orhanobut/dialogplus,4990,2014-12-12T09:24:44Z,9,Java
spring-attic/spring-mvc-showcase,https://github.com/spring-attic/spring-mvc-showcase,4988,2011-06-03T15:36:55Z,0,Java
alibaba/UltraViewPager,https://github.com/alibaba/UltraViewPager,4985,2017-03-29T13:31:53Z,10,Java
apache/ignite,https://github.com/apache/ignite,4979,2015-02-19T08:00:05Z,0,Java
JodaOrg/joda-time,https://github.com/JodaOrg/joda-time,4975,2011-05-16T16:49:57Z,50,Java
frogermcs/InstaMaterial,https://github.com/frogermcs/InstaMaterial,4970,2014-11-10T18:56:49Z,1,Java
killme2008/aviatorscript,https://github.com/killme2008/aviatorscript,4967,2011-03-29T12:48:47Z,52,Java
Devlight/NavigationTabBar,https://github.com/Devlight/NavigationTabBar,4951,2016-03-29T08:59:27Z,13,Java
bisq-network/bisq,https://github.com/bisq-network/bisq,4943,2014-03-12T09:42:29Z,142,Java
amitshekhariitbhu/RxJava2-Android-Samples,https://github.com/amitshekhariitbhu/RxJava2-Android-Samples,4943,2016-08-27T08:21:37Z,0,Java
react-native-linear-gradient/react-native-linear-gradient,https://github.com/react-native-linear-gradient/react-native-linear-gradient,4939,2015-03-31T17:44:40Z,18,Java
spring-cloud/spring-cloud-netflix,https://github.com/spring-cloud/spring-cloud-netflix,4931,2014-07-11T15:46:12Z,24,Java
apache/calcite,https://github.com/apache/calcite,4929,2014-06-25T07:00:07Z,0,Java
lugg/react-native-config,https://github.com/lugg/react-native-config,4921,2016-02-23T00:19:11Z,30,Java
roncoo/roncoo-pay,https://github.com/roncoo/roncoo-pay,4918,2016-07-21T02:46:06Z,0,Java
traex/RippleEffect,https://github.com/traex/RippleEffect,4915,2014-10-14T13:32:51Z,0,Java
javastacks/spring-boot-best-practice,https://github.com/javastacks/spring-boot-best-practice,4907,2018-11-09T06:23:18Z,0,Java
Ramotion/folding-cell-android,https://github.com/Ramotion/folding-cell-android,4905,2016-04-01T11:38:47Z,0,Java
querydsl/querydsl,https://github.com/querydsl/querydsl,4905,2011-08-05T06:46:32Z,35,Java
DiUS/java-faker,https://github.com/DiUS/java-faker,4894,2011-06-06T01:01:21Z,0,Java
PBH-BTN/PeerBanHelper,https://github.com/PBH-BTN/PeerBanHelper,4888,2024-02-07T14:35:16Z,143,Java
Docile-Alligator/Infinity-For-Reddit,https://github.com/Docile-Alligator/Infinity-For-Reddit,4884,2018-07-26T15:02:51Z,180,Java
cglib/cglib,https://github.com/cglib/cglib,4873,2014-03-29T13:48:30Z,15,Java
rstudio/rstudio,https://github.com/rstudio/rstudio,4862,2010-12-07T19:10:25Z,0,Java
orientechnologies/orientdb,https://github.com/orientechnologies/orientdb,4862,2012-12-09T20:33:47Z,224,Java
react-native-webrtc/react-native-webrtc,https://github.com/react-native-webrtc/react-native-webrtc,4858,2015-09-27T10:57:30Z,81,Java
reactive-streams/reactive-streams-jvm,https://github.com/reactive-streams/reactive-streams-jvm,4855,2014-02-28T13:16:15Z,0,Java
Sayi/poi-tl,https://github.com/Sayi/poi-tl,4843,2015-03-20T06:47:52Z,14,Java
fuzhengwei/small-spring,https://github.com/fuzhengwei/small-spring,4842,2021-05-15T06:07:28Z,0,Java
allure-framework/allure2,https://github.com/allure-framework/allure2,4835,2016-05-27T14:06:05Z,79,Java
nextcloud/android,https://github.com/nextcloud/android,4831,2016-06-06T21:23:36Z,259,Java
mcxiaoke/packer-ng-plugin,https://github.com/mcxiaoke/packer-ng-plugin,4825,2015-11-24T04:08:08Z,1,Java
andkulikov/Transitions-Everywhere,https://github.com/andkulikov/Transitions-Everywhere,4807,2014-10-15T03:37:03Z,23,Java
claritylab/lucida,https://github.com/claritylab/lucida,4798,2014-05-13T17:12:49Z,0,Java
TheoKanning/openai-java,https://github.com/TheoKanning/openai-java,4790,2020-09-15T02:58:52Z,22,Java
mock-server/mockserver,https://github.com/mock-server/mockserver,4789,2013-02-26T06:09:52Z,0,Java
saiwu-bigkoo/Android-ConvenientBanner,https://github.com/saiwu-bigkoo/Android-ConvenientBanner,4776,2014-12-23T06:12:33Z,0,Java
ronmamo/reflections,https://github.com/ronmamo/reflections,4767,2013-04-16T16:19:26Z,3,Java
tuguangquan/mybatis,https://github.com/tuguangquan/mybatis,4763,2014-11-03T04:51:06Z,0,Java
apache/maven,https://github.com/apache/maven,4760,2009-05-21T03:22:03Z,26,Java
etsy/AndroidStaggeredGrid,https://github.com/etsy/AndroidStaggeredGrid,4753,2013-12-09T19:43:45Z,7,Java
nisrulz/android-tips-tricks,https://github.com/nisrulz/android-tips-tricks,4748,2016-08-25T20:27:33Z,0,Java
kyleduo/SwitchButton,https://github.com/kyleduo/SwitchButton,4748,2014-09-09T07:20:43Z,0,Java
spring-cloud/spring-cloud-gateway,https://github.com/spring-cloud/spring-cloud-gateway,4732,2016-11-16T21:42:51Z,34,Java
firebase/FirebaseUI-Android,https://github.com/firebase/FirebaseUI-Android,4731,2015-07-09T17:31:09Z,66,Java
google/cameraview,https://github.com/google/cameraview,4724,2016-08-04T05:22:14Z,0,Java
hongyangAndroid/baseAdapter,https://github.com/hongyangAndroid/baseAdapter,4723,2015-08-03T02:55:51Z,0,Java
zq2599/blog_demos,https://github.com/zq2599/blog_demos,4715,2017-04-09T04:51:56Z,0,Java
hansonwang99/Spring-Boot-In-Action,https://github.com/hansonwang99/Spring-Boot-In-Action,4715,2019-01-28T12:56:51Z,0,Java
micrometer-metrics/micrometer,https://github.com/micrometer-metrics/micrometer,4702,2017-04-10T21:36:51Z,270,Java
zlt2000/microservices-platform,https://github.com/zlt2000/microservices-platform,4701,2019-03-07T07:13:37Z,30,Java
spring-attic/spring-security-oauth,https://github.com/spring-attic/spring-security-oauth,4701,2011-07-26T18:08:49Z,0,Java
jgilfelt/chuck,https://github.com/jgilfelt/chuck,4700,2017-02-07T23:51:39Z,5,Java
pardom-zz/ActiveAndroid,https://github.com/pardom-zz/ActiveAndroid,4680,2012-11-15T18:10:45Z,0,Java
SPLWare/esProc,https://github.com/SPLWare/esProc,4666,2021-11-09T15:41:25Z,0,Java
wdullaer/MaterialDateTimePicker,https://github.com/wdullaer/MaterialDateTimePicker,4661,2015-01-03T19:41:03Z,54,Java
saysky/ForestBlog,https://github.com/saysky/ForestBlog,4660,2017-10-08T15:27:47Z,0,Java
cjlin1/libsvm,https://github.com/cjlin1/libsvm,4658,2013-09-10T14:32:07Z,0,Java
stleary/JSON-java,https://github.com/stleary/JSON-java,4658,2010-12-21T17:46:09Z,24,Java
Heeexy/SpringBoot-Shiro-Vue,https://github.com/Heeexy/SpringBoot-Shiro-Vue,4648,2017-11-17T18:49:06Z,0,Java
gabrielemariotti/cardslib,https://github.com/gabrielemariotti/cardslib,4646,2013-09-20T21:57:19Z,27,Java
romandanylyk/PageIndicatorView,https://github.com/romandanylyk/PageIndicatorView,4639,2016-08-20T19:25:32Z,14,Java
bytedeco/javacpp,https://github.com/bytedeco/javacpp,4636,2014-04-21T12:47:21Z,13,Java
deepjavalibrary/djl,https://github.com/deepjavalibrary/djl,4633,2019-10-29T22:38:54Z,35,Java
gsantner/markor,https://github.com/gsantner/markor,4629,2017-08-26T00:08:35Z,76,Java
oracle/opengrok,https://github.com/oracle/opengrok,4626,2013-01-07T11:49:18Z,293,Java
Netflix/ribbon,https://github.com/Netflix/ribbon,4617,2013-01-15T01:08:04Z,41,Java
TGX-Android/Telegram-X,https://github.com/TGX-Android/Telegram-X,4615,2021-08-17T17:09:25Z,5,Java
bepass-org/oblivion,https://github.com/bepass-org/oblivion,4614,2024-02-08T05:50:09Z,12,Java
981011512/--,https://github.com/981011512/--,4612,2020-06-18T22:47:21Z,0,Java
SplashCodes/JAViewer,https://github.com/SplashCodes/JAViewer,4610,2016-05-21T08:47:10Z,10,Java
apache/rocketmq-externals,https://github.com/apache/rocketmq-externals,4606,2017-03-14T07:00:06Z,0,Java
yasserg/crawler4j,https://github.com/yasserg/crawler4j,4606,2011-12-31T22:49:18Z,3,Java
chewiebug/GCViewer,https://github.com/chewiebug/GCViewer,4583,2011-10-23T09:01:04Z,5,Java
RedSpider1/concurrent,https://github.com/RedSpider1/concurrent,4579,2018-11-03T13:49:36Z,0,Java
CalebFenton/simplify,https://github.com/CalebFenton/simplify,4579,2014-01-16T05:14:02Z,9,Java
puniverse/quasar,https://github.com/puniverse/quasar,4578,2013-03-27T14:51:24Z,18,Java
chentao0707/SimplifyReader,https://github.com/chentao0707/SimplifyReader,4571,2015-08-17T08:22:53Z,0,Java
javagrowing/JGrowing,https://github.com/javagrowing/JGrowing,4568,2019-02-26T01:55:08Z,0,Java
rememberber/WePush,https://github.com/rememberber/WePush,4567,2017-06-23T09:03:36Z,58,Java
angryip/ipscan,https://github.com/angryip/ipscan,4567,2011-06-28T20:58:48Z,31,Java
zhanghai/Douya,https://github.com/zhanghai/Douya,4563,2016-02-01T13:44:19Z,11,Java
dromara/dynamic-tp,https://github.com/dromara/dynamic-tp,4558,2022-01-07T16:35:27Z,19,Java
go-lang-plugin-org/go-lang-idea-plugin,https://github.com/go-lang-plugin-org/go-lang-idea-plugin,4551,2010-08-29T08:20:01Z,21,Java
objectbox/objectbox-java,https://github.com/objectbox/objectbox-java,4550,2017-01-24T10:29:48Z,48,Java
discord-jda/JDA,https://github.com/discord-jda/JDA,4549,2015-12-12T13:57:32Z,110,Java
square/sqlbrite,https://github.com/square/sqlbrite,4548,2015-02-19T04:38:37Z,9,Java
charles2gan/GDA-android-reversing-Tool,https://github.com/charles2gan/GDA-android-reversing-Tool,4545,2017-10-31T08:18:29Z,40,Java
danielzeller/Depth-LIB-Android-,https://github.com/danielzeller/Depth-LIB-Android-,4544,2016-04-27T09:37:28Z,0,Java
SuperMonster003/AutoJs6,https://github.com/SuperMonster003/AutoJs6,4539,2021-12-01T05:27:22Z,20,Java
jdamcd/android-crop,https://github.com/jdamcd/android-crop,4538,2014-03-13T10:24:43Z,6,Java
alibaba/dexposed,https://github.com/alibaba/dexposed,4529,2015-06-30T02:59:16Z,0,Java
JZ-Darkal/AndroidHttpCapture,https://github.com/JZ-Darkal/AndroidHttpCapture,4528,2016-10-15T19:48:00Z,1,Java
hussien89aa/AndroidTutorialForBeginners,https://github.com/hussien89aa/AndroidTutorialForBeginners,4527,2016-09-26T16:36:28Z,0,Java
castorflex/SmoothProgressBar,https://github.com/castorflex/SmoothProgressBar,4521,2013-11-27T20:32:16Z,9,Java
Flipboard/bottomsheet,https://github.com/Flipboard/bottomsheet,4518,2015-04-23T17:37:32Z,10,Java
tiann/epic,https://github.com/tiann/epic,4517,2017-05-22T02:52:44Z,5,Java
azkaban/azkaban,https://github.com/azkaban/azkaban,4514,2012-10-18T01:34:53Z,48,Java
ant-media/Ant-Media-Server,https://github.com/ant-media/Ant-Media-Server,4512,2017-03-01T08:21:13Z,64,Java
phishman3579/java-algorithms-implementation,https://github.com/phishman3579/java-algorithms-implementation,4509,2013-11-20T03:30:19Z,0,Java
zhkl0228/unidbg,https://github.com/zhkl0228/unidbg,4505,2019-02-26T09:32:15Z,15,Java
HotBitmapGG/bilibili-android-client,https://github.com/HotBitmapGG/bilibili-android-client,4499,2016-06-01T04:36:01Z,1,Java
zongzibinbin/MallChat,https://github.com/zongzibinbin/MallChat,4484,2023-03-16T15:04:35Z,0,Java
JakeWharton/NineOldAndroids,https://github.com/JakeWharton/NineOldAndroids,4479,2011-12-08T19:46:37Z,0,Java
Meituan-Dianping/Robust,https://github.com/Meituan-Dianping/Robust,4459,2017-03-14T10:14:50Z,13,Java
janishar/android-mvp-architecture,https://github.com/janishar/android-mvp-architecture,4446,2017-01-27T08:39:06Z,0,Java
square/android-times-square,https://github.com/square/android-times-square,4439,2013-01-30T20:28:27Z,0,Java
h2database/h2database,https://github.com/h2database/h2database,4438,2015-04-10T19:09:09Z,23,Java
linhaojun857/aurora,https://github.com/linhaojun857/aurora,4437,2022-08-19T13:39:16Z,0,Java
dreamhead/moco,https://github.com/dreamhead/moco,4427,2012-10-18T09:09:51Z,1,Java
Tencent/GT,https://github.com/Tencent/GT,4414,2016-01-13T10:29:55Z,3,Java
water8394/flink-recommandSystem-demo,https://github.com/water8394/flink-recommandSystem-demo,4413,2019-05-15T07:55:35Z,0,Java
airbnb/DeepLinkDispatch,https://github.com/airbnb/DeepLinkDispatch,4407,2015-06-11T21:16:48Z,24,Java
jacoco/jacoco,https://github.com/jacoco/jacoco,4402,2012-07-08T21:45:13Z,49,Java
apache/shiro,https://github.com/apache/shiro,4401,2009-08-29T08:00:17Z,14,Java
IoT-Technology/IoT-Technical-Guide,https://github.com/IoT-Technology/IoT-Technical-Guide,4400,2019-04-02T01:52:44Z,0,Java
Freeyourgadget/Gadgetbridge,https://github.com/Freeyourgadget/Gadgetbridge,4396,2015-01-05T23:19:03Z,0,Java
robinhood/ticker,https://github.com/robinhood/ticker,4389,2016-07-15T21:37:52Z,9,Java
flutter-webrtc/flutter-webrtc,https://github.com/flutter-webrtc/flutter-webrtc,4368,2018-03-07T02:26:03Z,132,Java
Ashok-Varma/BottomNavigation,https://github.com/Ashok-Varma/BottomNavigation,4366,2016-03-19T19:19:30Z,16,Java
awangdev/leet-code,https://github.com/awangdev/leet-code,4355,2015-04-25T19:14:09Z,0,Java
pytorch/serve,https://github.com/pytorch/serve,4347,2019-10-03T03:17:43Z,24,Java
eirslett/frontend-maven-plugin,https://github.com/eirslett/frontend-maven-plugin,4322,2013-08-30T14:44:38Z,0,Java
booklore-app/booklore,https://github.com/booklore-app/booklore,4317,2024-12-13T19:54:00Z,86,Java
jeasonlzy/ImagePicker,https://github.com/jeasonlzy/ImagePicker,4315,2016-01-27T17:05:03Z,5,Java
mywalkb/LSPosed_mod,https://github.com/mywalkb/LSPosed_mod,4311,2022-03-28T08:05:38Z,10,Java
bingoogolapple/BGARefreshLayout-Android,https://github.com/bingoogolapple/BGARefreshLayout-Android,4311,2015-05-28T16:17:00Z,4,Java
kermitt2/grobid,https://github.com/kermitt2/grobid,4294,2012-09-13T15:48:54Z,22,Java
crate/crate,https://github.com/crate/crate,4287,2013-04-10T09:17:16Z,139,Java
dragonwell-project/dragonwell8,https://github.com/dragonwell-project/dragonwell8,4285,2019-03-07T02:57:45Z,40,Java
mcxiaoke/android-volley,https://github.com/mcxiaoke/android-volley,4283,2013-05-21T05:35:26Z,0,Java
ThirtyDegreesRay/OpenHub,https://github.com/ThirtyDegreesRay/OpenHub,4283,2017-07-11T13:29:51Z,31,Java
brianway/java-learning,https://github.com/brianway/java-learning,4275,2016-02-09T05:20:58Z,0,Java
Snailclimb/guide-rpc-framework,https://github.com/Snailclimb/guide-rpc-framework,4275,2020-05-10T13:24:42Z,0,Java
bjmashibing/InternetArchitect,https://github.com/bjmashibing/InternetArchitect,4273,2019-10-19T16:32:01Z,0,Java
failsafe-lib/failsafe,https://github.com/failsafe-lib/failsafe,4271,2015-06-30T00:56:39Z,0,Java
ongakuer/CircleIndicator,https://github.com/ongakuer/CircleIndicator,4271,2014-07-30T14:02:56Z,7,Java
aporter/coursera-android,https://github.com/aporter/coursera-android,4265,2014-01-05T09:55:31Z,0,Java
grantland/android-autofittextview,https://github.com/grantland/android-autofittextview,4263,2011-02-14T06:00:52Z,1,Java
jitsi/jitsi,https://github.com/jitsi/jitsi,4253,2013-04-24T17:37:20Z,7,Java
201206030/novel-plus,https://github.com/201206030/novel-plus,4245,2020-05-02T07:15:43Z,34,Java
google/open-location-code,https://github.com/google/open-location-code,4241,2014-09-30T18:26:35Z,5,Java
camunda/camunda-bpm-platform,https://github.com/camunda/camunda-bpm-platform,4239,2013-01-03T10:10:31Z,0,Java
jlegewie/zotfile,https://github.com/jlegewie/zotfile,4227,2011-12-30T14:47:42Z,33,Java
s4kibs4mi/java-developer-roadmap,https://github.com/s4kibs4mi/java-developer-roadmap,4220,2019-04-23T06:42:13Z,0,Java
mybatis/spring-boot-starter,https://github.com/mybatis/spring-boot-starter,4215,2015-09-25T13:05:15Z,32,Java
ChadCSong/ShineButton,https://github.com/ChadCSong/ShineButton,4215,2016-07-05T06:32:26Z,2,Java
jboss-javassist/javassist,https://github.com/jboss-javassist/javassist,4214,2013-05-24T08:31:32Z,24,Java
nining377/dolby_beta,https://github.com/nining377/dolby_beta,4200,2020-05-19T12:13:36Z,37,Java
hugeterry/CoordinatorTabLayout,https://github.com/hugeterry/CoordinatorTabLayout,4199,2017-01-27T13:40:28Z,0,Java
yhaolpz/FloatWindow,https://github.com/yhaolpz/FloatWindow,4198,2017-11-14T14:33:55Z,9,Java
codingapi/tx-lcn,https://github.com/codingapi/tx-lcn,4198,2017-11-11T03:34:34Z,14,Java
microsoft/malmo,https://github.com/microsoft/malmo,4197,2016-05-17T14:58:40Z,21,Java
apache/streampark,https://github.com/apache/streampark,4192,2019-05-27T05:56:03Z,29,Java
powermock/powermock,https://github.com/powermock/powermock,4192,2014-05-28T07:53:53Z,16,Java
Jacksgong/JKeyboardPanelSwitch,https://github.com/Jacksgong/JKeyboardPanelSwitch,4191,2015-07-01T17:42:01Z,14,Java
zendesk/maxwell,https://github.com/zendesk/maxwell,4183,2015-02-09T22:06:13Z,214,Java
bingoogolapple/BGABanner-Android,https://github.com/bingoogolapple/BGABanner-Android,4182,2014-10-25T17:15:18Z,0,Java
aws/aws-sdk-java,https://github.com/aws/aws-sdk-java,4179,2010-03-22T23:34:58Z,0,Java
oddfar/campus-imaotai,https://github.com/oddfar/campus-imaotai,4166,2023-07-07T10:37:13Z,11,Java
pedrovgs/AndroidWiFiADB,https://github.com/pedrovgs/AndroidWiFiADB,4147,2015-10-18T21:58:45Z,8,Java
dromara/hmily,https://github.com/dromara/hmily,4144,2017-09-28T06:29:01Z,0,Java
ReVanced/revanced-patches,https://github.com/ReVanced/revanced-patches,4141,2023-12-14T01:25:17Z,642,Java
alibaba/fastjson2,https://github.com/alibaba/fastjson2,4139,2022-04-17T04:27:24Z,58,Java
geoserver/geoserver,https://github.com/geoserver/geoserver,4132,2011-11-10T19:56:06Z,62,Java
tencentmusic/supersonic,https://github.com/tencentmusic/supersonic,4131,2023-06-12T07:23:28Z,15,Java
dinuscxj/LoadingDrawable,https://github.com/dinuscxj/LoadingDrawable,4117,2016-04-16T07:33:57Z,0,Java
alibaba/Tangram-Android,https://github.com/alibaba/Tangram-Android,4110,2017-03-29T13:29:57Z,38,Java
pqpo/SmartCropper,https://github.com/pqpo/SmartCropper,4091,2017-08-03T11:08:41Z,13,Java
karma9874/AndroRAT,https://github.com/karma9874/AndroRAT,4090,2020-03-22T09:31:28Z,0,Java
Manabu-GT/ExpandableTextView,https://github.com/Manabu-GT/ExpandableTextView,4089,2014-05-17T19:40:15Z,4,Java
code4craft/tiny-spring,https://github.com/code4craft/tiny-spring,4081,2014-01-10T16:37:57Z,0,Java
DTStack/chunjun,https://github.com/DTStack/chunjun,4081,2018-04-03T12:44:58Z,30,Java
qunarcorp/bistoury,https://github.com/qunarcorp/bistoury,4079,2019-08-01T07:54:25Z,8,Java
rubensousa/ViewPagerCards,https://github.com/rubensousa/ViewPagerCards,4079,2016-08-20T15:24:12Z,0,Java
oblac/jodd,https://github.com/oblac/jodd,4071,2012-09-07T20:26:48Z,37,Java
luckybilly/CC,https://github.com/luckybilly/CC,4046,2017-11-23T16:26:33Z,0,Java
oldmanpushcart/greys-anatomy,https://github.com/oldmanpushcart/greys-anatomy,4025,2012-11-21T19:39:35Z,0,Java
xcltapestry/XCL-Charts,https://github.com/xcltapestry/XCL-Charts,4022,2014-06-09T15:44:50Z,0,Java
jMonkeyEngine/jmonkeyengine,https://github.com/jMonkeyEngine/jmonkeyengine,4014,2014-03-20T22:29:28Z,76,Java
BoltsFramework/Bolts-Android,https://github.com/BoltsFramework/Bolts-Android,4011,2014-01-30T04:58:14Z,11,Java
lcodecorex/TwinklingRefreshLayout,https://github.com/lcodecorex/TwinklingRefreshLayout,4008,2016-03-02T12:11:56Z,0,Java
JabRef/jabref,https://github.com/JabRef/jabref,4007,2014-03-11T14:48:42Z,45,Java
Yalantis/Phoenix,https://github.com/Yalantis/Phoenix,4000,2015-01-12T14:11:20Z,1,Java
knowm/XChange,https://github.com/knowm/XChange,3998,2012-02-02T10:48:28Z,0,Java
jetty/jetty.project,https://github.com/jetty/jetty.project,3997,2011-07-14T01:11:57Z,129,Java
jbloch/effective-java-3e-source-code,https://github.com/jbloch/effective-java-3e-source-code,3995,2018-08-03T20:48:35Z,0,Java
makovkastar/FloatingActionButton,https://github.com/makovkastar/FloatingActionButton,3995,2014-07-22T13:29:55Z,0,Java
Piasy/BigImageViewer,https://github.com/Piasy/BigImageViewer,3987,2016-11-06T09:55:02Z,0,Java
LibrePDF/OpenPDF,https://github.com/LibrePDF/OpenPDF,3985,2016-07-11T15:50:34Z,83,Java
orhanobut/hawk,https://github.com/orhanobut/hawk,3983,2015-02-19T22:25:23Z,22,Java
freeok/so-novel,https://github.com/freeok/so-novel,3983,2022-05-23T15:49:36Z,45,Java
qstumn/BadgeView,https://github.com/qstumn/BadgeView,3982,2017-02-08T02:01:39Z,5,Java
mercyblitz/tech-weekly,https://github.com/mercyblitz/tech-weekly,3980,2018-12-03T03:10:52Z,0,Java
bitcoin-wallet/bitcoin-wallet,https://github.com/bitcoin-wallet/bitcoin-wallet,3979,2012-03-31T17:06:47Z,0,Java
JeremyLiao/LiveEventBus,https://github.com/JeremyLiao/LiveEventBus,3964,2018-07-11T07:36:59Z,0,Java
zzhoujay/RichText,https://github.com/zzhoujay/RichText,3960,2015-07-21T09:36:01Z,0,Java
rovo89/XposedInstaller,https://github.com/rovo89/XposedInstaller,3958,2012-04-02T20:33:05Z,0,Java
lukas-krecan/ShedLock,https://github.com/lukas-krecan/ShedLock,3957,2016-12-11T13:53:59Z,0,Java
syncthing/syncthing-android,https://github.com/syncthing/syncthing-android,3957,2014-02-22T17:15:19Z,332,Java
NotFound9/interviewGuide,https://github.com/NotFound9/interviewGuide,3956,2016-04-20T07:17:09Z,0,Java
torakiki/pdfsam,https://github.com/torakiki/pdfsam,3955,2013-09-24T11:06:13Z,66,Java
awaitility/awaitility,https://github.com/awaitility/awaitility,3955,2010-01-22T15:12:52Z,0,Java
binIoter/GuideView,https://github.com/binIoter/GuideView,3954,2016-06-19T08:52:25Z,0,Java
fishercoder1534/Leetcode,https://github.com/fishercoder1534/Leetcode,3954,2016-07-31T05:28:15Z,0,Java
lilishop/lilishop,https://github.com/lilishop/lilishop,3954,2021-05-14T01:28:51Z,3,Java
RipMeApp/ripme,https://github.com/RipMeApp/ripme,3951,2017-01-06T17:12:09Z,143,Java
tronprotocol/java-tron,https://github.com/tronprotocol/java-tron,3947,2017-12-26T10:20:38Z,80,Java
JoanZapata/android-iconify,https://github.com/JoanZapata/android-iconify,3945,2013-06-12T11:42:01Z,0,Java
googlesamples/mlkit,https://github.com/googlesamples/mlkit,3934,2020-05-28T21:40:38Z,1,Java
rengwuxian/RxJavaSamples,https://github.com/rengwuxian/RxJavaSamples,3928,2016-03-24T13:08:10Z,3,Java
linyiqun/DataMiningAlgorithm,https://github.com/linyiqun/DataMiningAlgorithm,3925,2015-01-11T02:50:28Z,0,Java
Querz/mcaselector,https://github.com/Querz/mcaselector,3920,2018-04-22T22:23:26Z,72,Java
pingfangushi/screw,https://github.com/pingfangushi/screw,3919,2020-06-21T11:37:06Z,0,Java
promeG/TinyPinyin,https://github.com/promeG/TinyPinyin,3916,2015-09-30T03:24:50Z,2,Java
bluelinelabs/Conductor,https://github.com/bluelinelabs/Conductor,3906,2016-03-16T18:42:41Z,36,Java
JFormDesigner/FlatLaf,https://github.com/JFormDesigner/FlatLaf,3901,2019-08-19T10:27:05Z,87,Java
iterate-ch/cyberduck,https://github.com/iterate-ch/cyberduck,3898,2017-01-20T14:16:34Z,0,Java
alibaba/jstorm,https://github.com/alibaba/jstorm,3894,2013-09-03T03:53:16Z,22,Java
JavaNoober/BackgroundLibrary,https://github.com/JavaNoober/BackgroundLibrary,3894,2018-09-09T08:52:45Z,13,Java
sofastack/sofa-rpc,https://github.com/sofastack/sofa-rpc,3893,2018-04-09T03:32:04Z,63,Java
databricks/learning-spark,https://github.com/databricks/learning-spark,3892,2014-06-16T04:47:54Z,0,Java
shuzijun/leetcode-editor,https://github.com/shuzijun/leetcode-editor,3892,2019-03-19T16:32:17Z,55,Java
Exrick/xboot,https://github.com/Exrick/xboot,3888,2018-04-23T14:44:18Z,6,Java
vipulasri/Timeline-View,https://github.com/vipulasri/Timeline-View,3887,2015-12-15T14:55:04Z,15,Java
amirzaidi/Launcher3,https://github.com/amirzaidi/Launcher3,3885,2017-05-30T12:53:32Z,22,Java
VaughnVernon/IDDD_Samples,https://github.com/VaughnVernon/IDDD_Samples,3882,2013-04-08T22:12:57Z,0,Java
ReChronoRain/HyperCeiler,https://github.com/ReChronoRain/HyperCeiler,3868,2023-10-27T17:17:42Z,7,Java
wendux/DSBridge-Android,https://github.com/wendux/DSBridge-Android,3855,2017-01-02T11:58:53Z,2,Java
M66B/FairEmail,https://github.com/M66B/FairEmail,3846,2018-08-02T13:30:25Z,1000,Java
uber/NullAway,https://github.com/uber/NullAway,3842,2017-09-01T17:35:57Z,30,Java
aurelhubert/ahbottomnavigation,https://github.com/aurelhubert/ahbottomnavigation,3830,2016-03-17T12:17:56Z,14,Java
MiguelCatalan/MaterialSearchView,https://github.com/MiguelCatalan/MaterialSearchView,3829,2015-09-14T17:13:46Z,6,Java
kubernetes-client/java,https://github.com/kubernetes-client/java,3827,2017-05-08T21:52:58Z,55,Java
google/bundletool,https://github.com/google/bundletool,3820,2018-05-04T07:24:09Z,63,Java
uknownothingsnow/CircleProgress,https://github.com/uknownothingsnow/CircleProgress,3819,2014-10-30T16:14:42Z,0,Java
yanzhenjie/AndServer,https://github.com/yanzhenjie/AndServer,3817,2016-06-14T00:52:52Z,1,Java
react-native-share/react-native-share,https://github.com/react-native-share/react-native-share,3815,2015-09-30T02:27:34Z,139,Java
ZHENFENG13/My-Blog,https://github.com/ZHENFENG13/My-Blog,3812,2019-03-04T09:17:00Z,0,Java
jishenghua/jshERP,https://github.com/jishenghua/jshERP,3796,2016-09-20T04:51:39Z,6,Java
sunfusheng/MarqueeView,https://github.com/sunfusheng/MarqueeView,3792,2016-06-01T06:50:46Z,0,Java
shopizer-ecommerce/shopizer,https://github.com/shopizer-ecommerce/shopizer,3791,2012-11-21T03:42:39Z,18,Java
camunda/camunda,https://github.com/camunda/camunda,3790,2016-03-20T03:38:04Z,462,Java
Dimezis/BlurView,https://github.com/Dimezis/BlurView,3785,2016-04-21T16:00:07Z,31,Java
gh0stkey/HaE,https://github.com/gh0stkey/HaE,3783,2020-03-24T10:12:50Z,77,Java
mpusher/mpush,https://github.com/mpusher/mpush,3780,2016-04-28T01:43:19Z,9,Java
fesh0r/fernflower,https://github.com/fesh0r/fernflower,3776,2014-10-03T05:00:15Z,0,Java
lygttpod/SuperTextView,https://github.com/lygttpod/SuperTextView,3774,2016-10-19T04:06:54Z,39,Java
mcxtzhang/SwipeDelMenuLayout,https://github.com/mcxtzhang/SwipeDelMenuLayout,3773,2016-08-25T08:10:45Z,2,Java
watabou/pixel-dungeon,https://github.com/watabou/pixel-dungeon,3769,2014-07-26T17:34:32Z,0,Java
CameraKit/blurkit-android,https://github.com/CameraKit/blurkit-android,3768,2016-11-06T03:14:58Z,3,Java
MovingBlocks/Terasology,https://github.com/MovingBlocks/Terasology,3756,2011-03-04T03:49:19Z,70,Java
Ereza/CustomActivityOnCrash,https://github.com/Ereza/CustomActivityOnCrash,3756,2014-07-04T19:46:21Z,12,Java
Helium314/HeliBoard,https://github.com/Helium314/HeliBoard,3753,2022-03-09T08:38:32Z,49,Java
roboguice/roboguice,https://github.com/roboguice/roboguice,3752,2012-08-12T20:37:19Z,0,Java
timehop/sticky-headers-recyclerview,https://github.com/timehop/sticky-headers-recyclerview,3751,2014-10-03T01:57:46Z,0,Java
zhpanvip/BannerViewPager,https://github.com/zhpanvip/BannerViewPager,3746,2017-03-28T09:11:11Z,59,Java
apache/kylin,https://github.com/apache/kylin,3742,2015-01-03T08:00:05Z,2,Java
sofastack/sofa-jraft,https://github.com/sofastack/sofa-jraft,3741,2019-03-04T10:13:43Z,32,Java
andOTP/andOTP,https://github.com/andOTP/andOTP,3741,2017-07-05T11:39:52Z,38,Java
RoaringBitmap/RoaringBitmap,https://github.com/RoaringBitmap/RoaringBitmap,3731,2013-06-17T20:29:23Z,39,Java
spotbugs/spotbugs,https://github.com/spotbugs/spotbugs,3729,2016-11-04T22:18:08Z,69,Java
AsamK/signal-cli,https://github.com/AsamK/signal-cli,3728,2015-05-11T10:49:42Z,102,Java
JCTools/JCTools,https://github.com/JCTools/JCTools,3726,2013-11-10T18:04:40Z,18,Java
ethanhua/Skeleton,https://github.com/ethanhua/Skeleton,3725,2017-07-30T06:42:39Z,0,Java
Atmosphere/atmosphere,https://github.com/Atmosphere/atmosphere,3720,2010-06-30T14:26:23Z,0,Java
willowtreeapps/spruce-android,https://github.com/willowtreeapps/spruce-android,3719,2017-02-23T20:34:18Z,3,Java
ageerle/ruoyi-ai,https://github.com/ageerle/ruoyi-ai,3717,2024-01-16T04:16:41Z,6,Java
ByteLegend/ByteLegend,https://github.com/ByteLegend/ByteLegend,3717,2021-02-01T10:11:30Z,0,Java
stfalcon-studio/ChatKit,https://github.com/stfalcon-studio/ChatKit,3715,2017-02-02T09:37:15Z,1,Java
ryanhoo/StylishMusicPlayer,https://github.com/ryanhoo/StylishMusicPlayer,3710,2016-09-13T14:38:32Z,0,Java
liuyubobobo/Play-with-Algorithms,https://github.com/liuyubobobo/Play-with-Algorithms,3707,2016-07-05T18:16:22Z,0,Java
yanzhenjie/NoHttp,https://github.com/yanzhenjie/NoHttp,3704,2015-07-29T06:11:12Z,0,Java
rbmonster/learning-note,https://github.com/rbmonster/learning-note,3695,2020-06-15T16:47:25Z,0,Java
undertow-io/undertow,https://github.com/undertow-io/undertow,3691,2012-07-19T00:52:44Z,9,Java
jtablesaw/tablesaw,https://github.com/jtablesaw/tablesaw,3686,2016-01-01T14:58:28Z,79,Java
yangfuhai/ASimpleCache,https://github.com/yangfuhai/ASimpleCache,3678,2013-07-28T13:50:59Z,0,Java
javahuang/SurveyKing,https://github.com/javahuang/SurveyKing,3677,2021-09-06T13:34:14Z,3,Java
lihangleo2/ShadowLayout,https://github.com/lihangleo2/ShadowLayout,3672,2019-07-09T07:17:06Z,28,Java
networknt/light-4j,https://github.com/networknt/light-4j,3672,2016-09-09T22:28:14Z,192,Java
lisawray/groupie,https://github.com/lisawray/groupie,3672,2016-09-01T20:59:35Z,28,Java
helidon-io/helidon,https://github.com/helidon-io/helidon,3671,2018-08-27T11:03:52Z,128,Java
google/rejoiner,https://github.com/google/rejoiner,3670,2017-12-06T19:09:53Z,3,Java
Creators-of-Create/Create,https://github.com/Creators-of-Create/Create,3670,2019-07-18T08:27:10Z,0,Java
nICEnnnnnnnLee/BilibiliDown,https://github.com/nICEnnnnnnnLee/BilibiliDown,3669,2019-01-23T06:56:46Z,80,Java
dingjikerbo/Android-BluetoothKit,https://github.com/dingjikerbo/Android-BluetoothKit,3669,2015-10-08T09:07:33Z,0,Java
KunMinX/Linkage-RecyclerView,https://github.com/KunMinX/Linkage-RecyclerView,3668,2019-04-22T04:39:46Z,0,Java
linkedin/databus,https://github.com/linkedin/databus,3665,2012-12-17T17:49:17Z,0,Java
yacy/yacy_search_server,https://github.com/yacy/yacy_search_server,3663,2015-03-22T12:54:20Z,0,Java
grpc-ecosystem/grpc-spring,https://github.com/grpc-ecosystem/grpc-spring,3663,2016-12-30T09:06:15Z,34,Java
coderbruis/JavaSourceCodeLearning,https://github.com/coderbruis/JavaSourceCodeLearning,3663,2020-06-02T13:34:20Z,0,Java
PlexPt/chatgpt-java,https://github.com/PlexPt/chatgpt-java,3647,2022-12-07T04:55:33Z,24,Java
litesuits/android-common,https://github.com/litesuits/android-common,3643,2014-05-29T08:08:00Z,0,Java
tchiotludo/akhq,https://github.com/tchiotludo/akhq,3640,2018-09-09T19:35:39Z,42,Java
huburt-Hu/NewbieGuide,https://github.com/huburt-Hu/NewbieGuide,3624,2017-07-28T06:54:05Z,20,Java
apache/incubator-heron,https://github.com/apache/incubator-heron,3621,2015-09-25T16:09:24Z,56,Java
microservices-patterns/ftgo-application,https://github.com/microservices-patterns/ftgo-application,3618,2017-10-23T04:30:04Z,0,Java
rockerhieu/emojicon,https://github.com/rockerhieu/emojicon,3616,2014-01-18T12:32:38Z,2,Java
FasterXML/jackson-databind,https://github.com/FasterXML/jackson-databind,3615,2011-12-23T07:17:41Z,0,Java
blossom-editor/blossom,https://github.com/blossom-editor/blossom,3609,2023-08-07T03:02:17Z,19,Java
spockframework/spock,https://github.com/spockframework/spock,3608,2010-12-12T19:02:34Z,26,Java
alibaba/Alink,https://github.com/alibaba/Alink,3606,2018-09-30T06:36:11Z,22,Java
Mojang/brigadier,https://github.com/Mojang/brigadier,3599,2014-09-15T08:48:24Z,3,Java
tyrantgit/ExplosionField,https://github.com/tyrantgit/ExplosionField,3595,2015-09-23T11:34:50Z,0,Java
kikoso/android-stackblur,https://github.com/kikoso/android-stackblur,3592,2013-08-15T14:44:32Z,0,Java
uncle-novel/uncle-novel,https://github.com/uncle-novel/uncle-novel,3590,2018-12-11T12:15:30Z,1,Java
mbechler/marshalsec,https://github.com/mbechler/marshalsec,3589,2017-05-22T11:43:57Z,0,Java
dtinit/data-transfer-project,https://github.com/dtinit/data-transfer-project,3588,2018-01-04T21:27:57Z,61,Java
dongjunkun/DropDownMenu,https://github.com/dongjunkun/DropDownMenu,3587,2015-06-23T07:43:56Z,2,Java
spring-io/initializr,https://github.com/spring-io/initializr,3583,2013-06-07T16:02:22Z,17,Java
vert-x3/vertx-examples,https://github.com/vert-x3/vertx-examples,3583,2015-02-24T17:42:44Z,0,Java
hmkcode/Android,https://github.com/hmkcode/Android,3578,2013-09-02T16:12:28Z,0,Java
googlemaps/android-maps-utils,https://github.com/googlemaps/android-maps-utils,3577,2013-05-17T00:08:48Z,53,Java
WVector/AppUpdate,https://github.com/WVector/AppUpdate,3574,2017-06-19T09:38:42Z,3,Java
davideas/FlexibleAdapter,https://github.com/davideas/FlexibleAdapter,3572,2015-05-02T22:00:43Z,30,Java
JakeWharton/ThreeTenABP,https://github.com/JakeWharton/ThreeTenABP,3570,2015-07-03T17:35:09Z,0,Java
IrisShaders/Iris,https://github.com/IrisShaders/Iris,3566,2020-10-22T20:21:12Z,140,Java
OpenHFT/Chronicle-Queue,https://github.com/OpenHFT/Chronicle-Queue,3566,2013-06-02T15:11:33Z,533,Java
code4craft/netty-learning,https://github.com/code4craft/netty-learning,3560,2013-09-19T02:24:25Z,0,Java
fabric8io/kubernetes-client,https://github.com/fabric8io/kubernetes-client,3558,2015-07-09T15:43:13Z,123,Java
bilibili/MagicaSakura,https://github.com/bilibili/MagicaSakura,3557,2016-06-23T07:54:59Z,3,Java
dropbox/hackpad,https://github.com/dropbox/hackpad,3556,2015-08-14T02:32:17Z,0,Java
johncarl81/parceler,https://github.com/johncarl81/parceler,3544,2013-07-03T02:53:01Z,0,Java
DataLinkDC/dinky,https://github.com/DataLinkDC/dinky,3543,2021-06-09T07:11:26Z,31,Java
arimorty/floatingsearchview,https://github.com/arimorty/floatingsearchview,3536,2015-11-22T02:38:32Z,0,Java
LinShunKang/MyPerf4J,https://github.com/LinShunKang/MyPerf4J,3534,2018-03-11T09:58:44Z,23,Java
anggrayudi/android-hidden-api,https://github.com/anggrayudi/android-hidden-api,3533,2015-09-16T11:58:33Z,2,Java
fyhertz/libstreaming,https://github.com/fyhertz/libstreaming,3533,2013-01-30T21:24:47Z,0,Java
luontola/retrolambda,https://github.com/luontola/retrolambda,3531,2013-07-20T07:25:22Z,0,Java
andremion/Music-Player,https://github.com/andremion/Music-Player,3525,2016-05-06T21:55:37Z,2,Java
HelloWorld521/Java,https://github.com/HelloWorld521/Java,3524,2016-12-08T14:01:46Z,0,Java
springdoc/springdoc-openapi,https://github.com/springdoc/springdoc-openapi,3524,2019-07-11T23:08:20Z,95,Java
apache/logging-log4j2,https://github.com/apache/logging-log4j2,3521,2013-06-12T07:00:19Z,15,Java
spring-cloud/spring-cloud-kubernetes,https://github.com/spring-cloud/spring-cloud-kubernetes,3518,2016-12-13T21:36:25Z,32,Java
lsjwzh/RecyclerViewPager,https://github.com/lsjwzh/RecyclerViewPager,3518,2015-01-17T18:30:34Z,10,Java
dariuszseweryn/RxAndroidBle,https://github.com/dariuszseweryn/RxAndroidBle,3515,2016-02-04T13:42:02Z,60,Java
immutables/immutables,https://github.com/immutables/immutables,3515,2013-07-07T13:48:23Z,15,Java
Netflix/maestro,https://github.com/Netflix/maestro,3513,2024-04-17T01:15:56Z,0,Java
nytimes/Store,https://github.com/nytimes/Store,3512,2016-11-29T20:17:11Z,0,Java
codeestX/GeekNews,https://github.com/codeestX/GeekNews,3509,2016-08-07T14:56:56Z,0,Java
baoyongzhang/SwipeMenuListView,https://github.com/baoyongzhang/SwipeMenuListView,3507,2014-08-24T15:40:45Z,2,Java
1024-lab/smart-admin,https://github.com/1024-lab/smart-admin,3500,2019-11-16T02:30:31Z,22,Java
lenve/JavaEETest,https://github.com/lenve/JavaEETest,3497,2016-12-13T02:13:58Z,0,Java
cSploit/android,https://github.com/cSploit/android,3495,2014-10-04T05:53:29Z,33,Java
KingJA/LoadSir,https://github.com/KingJA/LoadSir,3492,2017-09-02T08:32:15Z,6,Java
TNG/ArchUnit,https://github.com/TNG/ArchUnit,3485,2017-04-21T08:39:20Z,43,Java
AxonFramework/AxonFramework,https://github.com/AxonFramework/AxonFramework,3483,2011-12-02T16:04:42Z,136,Java
dromara/liteflow,https://github.com/dromara/liteflow,3482,2020-03-25T16:49:22Z,0,Java
ittianyu/BottomNavigationViewEx,https://github.com/ittianyu/BottomNavigationViewEx,3477,2016-11-12T08:39:38Z,19,Java
phodal/migration,https://github.com/phodal/migration,3464,2020-01-08T02:11:38Z,0,Java
ferredoxin/QNotified,https://github.com/ferredoxin/QNotified,3462,2019-03-24T05:12:41Z,28,Java
rubensousa/PreviewSeekBar,https://github.com/rubensousa/PreviewSeekBar,3462,2017-01-24T23:52:44Z,10,Java
Grt1228/chatgpt-java,https://github.com/Grt1228/chatgpt-java,3460,2023-02-11T08:54:54Z,10,Java
eclipse-openj9/openj9,https://github.com/eclipse-openj9/openj9,3460,2017-08-25T13:46:07Z,53,Java
alamkanak/Android-Week-View,https://github.com/alamkanak/Android-Week-View,3448,2014-09-17T10:07:12Z,4,Java
Netflix/concurrency-limits,https://github.com/Netflix/concurrency-limits,3447,2017-12-11T19:32:41Z,102,Java
crossoverJie/SSM,https://github.com/crossoverJie/SSM,3441,2016-06-21T10:09:02Z,10,Java
guolindev/giffun,https://github.com/guolindev/giffun,3433,2019-01-28T05:11:00Z,0,Java
apache/fory,https://github.com/apache/fory,3433,2023-04-28T03:57:00Z,47,Java
sherxon/AlgoDS,https://github.com/sherxon/AlgoDS,3431,2016-12-16T17:01:22Z,0,Java
RikkaApps/Sui,https://github.com/RikkaApps/Sui,3431,2021-01-03T08:26:16Z,21,Java
rom1v/sndcpy,https://github.com/rom1v/sndcpy,3431,2020-06-09T19:36:57Z,2,Java
xcc3641/SeeWeather,https://github.com/xcc3641/SeeWeather,3427,2016-02-20T13:10:14Z,2,Java
WinterChenS/my-site,https://github.com/WinterChenS/my-site,3423,2018-05-03T09:05:37Z,0,Java
freeplane/freeplane,https://github.com/freeplane/freeplane,3421,2012-09-13T08:55:51Z,10,Java
GitLqr/LQRWeChat,https://github.com/GitLqr/LQRWeChat,3421,2017-02-07T06:32:40Z,0,Java
woxingxiao/BubbleSeekBar,https://github.com/woxingxiao/BubbleSeekBar,3419,2016-11-03T14:31:05Z,12,Java
google/volley,https://github.com/google/volley,3414,2017-01-24T17:39:33Z,9,Java
openhab/openhab1-addons,https://github.com/openhab/openhab1-addons,3413,2013-09-20T20:28:43Z,14,Java
apache/incubator-kie-optaplanner,https://github.com/apache/incubator-kie-optaplanner,3412,2011-02-15T19:38:23Z,6,Java
getActivity/Toaster,https://github.com/getActivity/Toaster,3412,2018-09-16T05:28:57Z,36,Java
yigit/android-priority-jobqueue,https://github.com/yigit/android-priority-jobqueue,3391,2014-06-20T00:12:45Z,0,Java
